-- phpMyAdmin SQL Dump
-- version 5.2.0
-- https://www.phpmyadmin.net/
--
-- Host: 127.0.0.1:3306
-- Generation Time: May 13, 2023 at 11:59 PM
-- Server version: 8.0.31
-- PHP Version: 8.2.0

SET SQL_MODE = "NO_AUTO_VALUE_ON_ZERO";
START TRANSACTION;
SET time_zone = "+05:30";


/*!40101 SET @OLD_CHARACTER_SET_CLIENT=@@CHARACTER_SET_CLIENT */;
/*!40101 SET @OLD_CHARACTER_SET_RESULTS=@@CHARACTER_SET_RESULTS */;
/*!40101 SET @OLD_COLLATION_CONNECTION=@@COLLATION_CONNECTION */;
/*!40101 SET NAMES utf8mb4 */;

--
-- Database: `bussched`
--

-- --------------------------------------------------------

--
-- Table structure for table `admin`
--

DROP TABLE IF EXISTS `admin`;
CREATE TABLE IF NOT EXISTS `admin` (
  `username` varchar(50) NOT NULL,
  `name` varchar(100) DEFAULT NULL,
  `phone` char(10) DEFAULT NULL,
  `address` text,
  KEY `admin-users` (`username`)
) ENGINE=InnoDB DEFAULT CHARSET=utf8mb4 COLLATE=utf8mb4_0900_ai_ci;

-- --------------------------------------------------------

--
-- Table structure for table `breakdown`
--

DROP TABLE IF EXISTS `breakdown`;
CREATE TABLE IF NOT EXISTS `breakdown` (
  `id` int NOT NULL AUTO_INCREMENT,
  `breakdown_time` timestamp NOT NULL DEFAULT CURRENT_TIMESTAMP,
  `bus_no` varchar(255) NOT NULL,
  `trip_no` int DEFAULT NULL,
  `description` text NOT NULL,
  `time_to_repair` int NOT NULL,
  `status` enum('repaired','repairing') NOT NULL DEFAULT 'repairing',
  `repaired_time` timestamp NULL DEFAULT NULL,
  PRIMARY KEY (`id`),
  KEY `breakdown-bus` (`bus_no`),
  KEY `breakdown-trip` (`trip_no`)
) ENGINE=InnoDB AUTO_INCREMENT=6 DEFAULT CHARSET=utf8mb4 COLLATE=utf8mb4_0900_ai_ci;

--
-- Dumping data for table `breakdown`
--

INSERT INTO `breakdown` (`id`, `breakdown_time`, `bus_no`, `trip_no`, `description`, `time_to_repair`, `status`, `repaired_time`) VALUES
(1, '2023-05-11 10:58:58', 'NC1112', 2, 'Tyre puncture', 1500, 'repairing', NULL),
(2, '2023-05-11 10:58:58', 'NC1113', 3, 'Accident', 3000, 'repairing', NULL),
(3, '2023-05-11 10:58:58', 'NC1111', 1, 'Accident', 1500, 'repaired', NULL),
(4, '2023-05-11 10:58:58', 'NC1116', NULL, 'Tyre puncture', 2000, 'repairing', NULL),
(5, '2023-05-13 15:23:49', 'NC1111', NULL, 'Accident', 50, 'repairing', NULL);

-- --------------------------------------------------------

--
-- Table structure for table `bus`
--

DROP TABLE IF EXISTS `bus`;
CREATE TABLE IF NOT EXISTS `bus` (
  `id` int NOT NULL AUTO_INCREMENT,
  `bus_no` char(6) NOT NULL,
  `type` varchar(2) NOT NULL,
  `seats_no` int NOT NULL,
  `route` varchar(6) NOT NULL,
  `rating` float NOT NULL DEFAULT '0',
  `no_of_reviews` int NOT NULL,
  `start` varchar(50) DEFAULT NULL,
  `dest` varchar(50) DEFAULT NULL,
  `owner` varchar(50) NOT NULL,
  `conductor` varchar(50) DEFAULT NULL,
  `driver` varchar(50) DEFAULT NULL,
  PRIMARY KEY (`id`),
  UNIQUE KEY `bus_no` (`bus_no`),
  KEY `bus-route` (`route`),
  KEY `start` (`start`),
  KEY `bus_owner` (`owner`),
  KEY `buw_dest` (`dest`),
  KEY `bus_driver` (`driver`),
  KEY `bus_conductor` (`conductor`)
) ENGINE=InnoDB AUTO_INCREMENT=13 DEFAULT CHARSET=utf8mb4 COLLATE=utf8mb4_0900_ai_ci;

--
-- Dumping data for table `bus`
--

INSERT INTO `bus` (`id`, `bus_no`, `type`, `seats_no`, `route`, `rating`, `no_of_reviews`, `start`, `dest`, `owner`, `conductor`, `driver`) VALUES
(1, 'NC1111', 'S', 7, '120', 3.8571, 7, 'Piliyandala', 'Pettah', 'owner2', 'conductor1', 'driver1'),
(2, 'NC1112', 'S', 7, '120', 2.8, 5, 'Pettah', 'Piliyandala', 'owner2', 'conductor2', 'driver2'),
(3, 'NC1113', 'L', 11, '120', 5, 3, 'Piliyandala', 'Pettah', 'owner1', 'conductor3', 'driver3'),
(4, 'NC1114', 'S', 7, '120', 3, 4, 'Pettah', 'Piliyandala', 'owner1', 'conductor4', 'driver4'),
(5, 'NC1115', 'L', 11, '120', 5, 1, 'Piliyandala', 'Pettah', 'owner1', 'conductor5', 'driver5'),
(6, 'NC1116', 'S', 7, '120', 5, 1, 'Pettah', 'Piliyandala', 'owner1', 'conductor6', 'driver6'),
(7, 'NC1117', 'L', 11, '120', 0, 0, 'Piliyandala', 'Pettah', 'owner1', 'conductor7', 'driver7'),
(8, 'NC1118', 'S', 7, '120', 0, 0, 'Pettah', 'Piliyandala', 'owner1', 'conductor8', 'driver8'),
(9, 'NC1119', 'L', 11, '120', 5, 1, 'Piliyandala', 'Pettah', 'owner1', 'conductor9', 'driver9'),
(10, 'NC1120', 'L', 0, '120', 0, 0, 'Pettah', 'Piliyandala', 'owner2', 'conductor10', 'driver10'),
(12, 'NC1121', 'S', 0, '120', 0, 0, 'Pettah', NULL, 'owner2', NULL, NULL);

-- --------------------------------------------------------

--
-- Table structure for table `bus_available`
--

DROP TABLE IF EXISTS `bus_available`;
CREATE TABLE IF NOT EXISTS `bus_available` (
  `id` int NOT NULL,
  `bus_no` varchar(50) DEFAULT NULL,
  `availability` tinyint(1) DEFAULT NULL,
  PRIMARY KEY (`id`)
) ENGINE=InnoDB DEFAULT CHARSET=utf8mb4 COLLATE=utf8mb4_0900_ai_ci;

-- --------------------------------------------------------

--
-- Table structure for table `conductor`
--

DROP TABLE IF EXISTS `conductor`;
CREATE TABLE IF NOT EXISTS `conductor` (
  `username` varchar(50) NOT NULL,
  `name` varchar(100) NOT NULL,
  `phone` char(10) NOT NULL,
  `address` text NOT NULL,
  `licence_no` char(8) NOT NULL,
  `assigned_bus` char(6) DEFAULT NULL,
  `date_of_birth` date DEFAULT NULL,
  `rating` float NOT NULL DEFAULT '0',
  `no_of_reviews` int NOT NULL,
  PRIMARY KEY (`username`),
  UNIQUE KEY `licence_no` (`licence_no`),
  KEY `assigned_bus` (`assigned_bus`)
) ENGINE=InnoDB DEFAULT CHARSET=utf8mb4 COLLATE=utf8mb4_0900_ai_ci;

--
-- Dumping data for table `conductor`
--

INSERT INTO `conductor` (`username`, `name`, `phone`, `address`, `licence_no`, `assigned_bus`, `date_of_birth`, `rating`, `no_of_reviews`) VALUES
('conductor1', 'Nalin Silva', '0761234567', 'Colombo, Sri Lanka', 'B1234568', 'NC1111', '1960-05-05', 3.1667, 6),
('conductor2', 'Kevin Ronalds', '0777111222', 'Piliyandala, Sri Lanka', 'B1234569', NULL, NULL, 3.50002, 4),
('conductor3', '', '', '', '', NULL, NULL, 4, 2);

-- --------------------------------------------------------

--
-- Table structure for table `contact`
--

DROP TABLE IF EXISTS `contact`;
CREATE TABLE IF NOT EXISTS `contact` (
  `id` int NOT NULL AUTO_INCREMENT,
  `name` varchar(255) NOT NULL,
  `email` varchar(255) NOT NULL,
  `tp` int NOT NULL,
  `bus_no` varchar(20) NOT NULL,
  PRIMARY KEY (`id`)
) ENGINE=InnoDB AUTO_INCREMENT=2 DEFAULT CHARSET=utf8mb4 COLLATE=utf8mb4_0900_ai_ci;

--
-- Dumping data for table `contact`
--

INSERT INTO `contact` (`id`, `name`, `email`, `tp`, `bus_no`) VALUES
(1, 'Kamal', 'kamal@gmail.com', 777123456, 'NB1324');

-- --------------------------------------------------------

--
-- Table structure for table `daily_bus_revenue`
--

DROP TABLE IF EXISTS `daily_bus_revenue`;
CREATE TABLE IF NOT EXISTS `daily_bus_revenue` (
  `id` int NOT NULL AUTO_INCREMENT,
  `bus_no` char(6) NOT NULL,
  `revenue` float NOT NULL,
  `date` date NOT NULL,
  PRIMARY KEY (`id`),
  KEY `bus_no` (`bus_no`)
) ENGINE=InnoDB AUTO_INCREMENT=5981 DEFAULT CHARSET=utf8mb4 COLLATE=utf8mb4_0900_ai_ci;

--
-- Dumping data for table `daily_bus_revenue`
--

INSERT INTO `daily_bus_revenue` (`id`, `bus_no`, `revenue`, `date`) VALUES
(3985, 'NC1115', 7951, '2022-12-10'),
(3986, 'NC1112', 7841, '2022-12-01'),
(3987, 'NC1113', 5796, '2023-01-04'),
(3988, 'NC1116', 9868, '2022-11-18'),
(3989, 'NC1111', 7500, '2022-11-29'),
(3990, 'NC1117', 7600, '2022-12-08'),
(3991, 'NC1117', 8784, '2022-12-02'),
(3992, 'NC1116', 7458, '2023-01-19'),
(3993, 'NC1113', 9625, '2022-11-12'),
(3994, 'NC1111', 7526, '2022-11-08'),
(3995, 'NC1116', 8323, '2022-12-12'),
(3996, 'NC1115', 8490, '2022-12-03'),
(3997, 'NC1111', 8447, '2023-01-16'),
(3998, 'NC1116', 5250, '2022-12-13'),
(3999, 'NC1114', 7750, '2023-01-28'),
(4000, 'NC1113', 9890, '2023-01-08'),
(4001, 'NC1112', 7258, '2022-12-26'),
(4002, 'NC1111', 9322, '2023-01-14'),
(4003, 'NC1118', 5064, '2023-01-28'),
(4004, 'NC1117', 7304, '2023-01-16'),
(4005, 'NC1112', 6350, '2023-01-28'),
(4006, 'NC1112', 9733, '2022-12-07'),
(4007, 'NC1114', 7283, '2023-01-24'),
(4008, 'NC1114', 8504, '2022-11-02'),
(4009, 'NC1118', 5150, '2023-01-15'),
(4010, 'NC1113', 5768, '2022-12-07'),
(4011, 'NC1116', 6230, '2023-01-18'),
(4012, 'NC1111', 6946, '2022-12-28'),
(4013, 'NC1114', 6675, '2022-11-19'),
(4014, 'NC1117', 9067, '2022-11-23'),
(4015, 'NC1118', 9532, '2022-12-11'),
(4016, 'NC1112', 5970, '2023-01-17'),
(4017, 'NC1118', 5024, '2023-01-21'),
(4018, 'NC1114', 5836, '2022-11-05'),
(4019, 'NC1114', 6961, '2023-01-27'),
(4020, 'NC1119', 9324, '2023-01-10'),
(4021, 'NC1113', 6817, '2023-01-22'),
(4022, 'NC1111', 8630, '2022-11-27'),
(4023, 'NC1119', 7609, '2023-01-18'),
(4024, 'NC1114', 5157, '2022-11-18'),
(4025, 'NC1118', 5736, '2022-12-19'),
(4026, 'NC1118', 6810, '2022-12-18'),
(4027, 'NC1115', 6668, '2022-11-21'),
(4028, 'NC1113', 7839, '2022-11-20'),
(4029, 'NC1118', 6305, '2023-01-18'),
(4030, 'NC1118', 6246, '2022-11-02'),
(4031, 'NC1116', 7010, '2023-01-23'),
(4032, 'NC1112', 9251, '2022-12-02'),
(4033, 'NC1113', 9951, '2022-11-01'),
(4034, 'NC1115', 8848, '2022-12-20'),
(4035, 'NC1116', 7219, '2022-11-11'),
(4036, 'NC1112', 5391, '2022-12-08'),
(4037, 'NC1116', 7444, '2022-11-13'),
(4038, 'NC1111', 8510, '2023-01-21'),
(4039, 'NC1116', 7732, '2022-12-07'),
(4040, 'NC1114', 5234, '2023-01-11'),
(4041, 'NC1119', 6297, '2022-12-23'),
(4042, 'NC1113', 8995, '2022-11-30'),
(4043, 'NC1119', 6865, '2022-11-18'),
(4044, 'NC1112', 9837, '2022-11-17'),
(4045, 'NC1117', 5231, '2023-01-06'),
(4046, 'NC1117', 9149, '2023-01-28'),
(4047, 'NC1119', 7398, '2022-11-01'),
(4048, 'NC1117', 5745, '2022-11-18'),
(4049, 'NC1116', 6657, '2022-12-26'),
(4050, 'NC1113', 9445, '2022-11-30'),
(4051, 'NC1117', 6492, '2023-01-11'),
(4052, 'NC1111', 6295, '2022-12-31'),
(4053, 'NC1117', 5134, '2022-12-13'),
(4054, 'NC1118', 9115, '2023-01-01'),
(4055, 'NC1112', 7751, '2023-01-30'),
(4056, 'NC1116', 5694, '2023-01-19'),
(4057, 'NC1112', 9130, '2023-01-25'),
(4058, 'NC1113', 8040, '2022-12-17'),
(4059, 'NC1113', 7978, '2023-01-14'),
(4060, 'NC1111', 6182, '2022-11-17'),
(4061, 'NC1119', 8829, '2022-12-13'),
(4062, 'NC1114', 6541, '2023-01-28'),
(4063, 'NC1117', 5415, '2022-12-11'),
(4064, 'NC1117', 9961, '2022-11-23'),
(4065, 'NC1117', 7906, '2023-01-05'),
(4066, 'NC1117', 6662, '2022-11-07'),
(4067, 'NC1111', 8178, '2023-01-24'),
(4068, 'NC1112', 6063, '2022-11-06'),
(4069, 'NC1118', 7576, '2023-01-29'),
(4070, 'NC1119', 5896, '2023-01-24'),
(4071, 'NC1116', 7768, '2023-01-09'),
(4072, 'NC1113', 7704, '2022-11-07'),
(4073, 'NC1117', 8937, '2022-12-04'),
(4074, 'NC1117', 7180, '2023-01-28'),
(4075, 'NC1111', 7801, '2022-11-03'),
(4076, 'NC1115', 7595, '2022-11-01'),
(4077, 'NC1118', 9527, '2022-11-22'),
(4078, 'NC1119', 8424, '2022-12-05'),
(4079, 'NC1112', 8577, '2022-11-28'),
(4080, 'NC1119', 8806, '2023-01-01'),
(4081, 'NC1119', 5671, '2022-12-10'),
(4082, 'NC1115', 8374, '2023-01-28'),
(4083, 'NC1112', 5586, '2022-12-05'),
(4084, 'NC1115', 7352, '2023-01-05'),
(4085, 'NC1113', 6177, '2022-11-13'),
(4086, 'NC1117', 6078, '2022-12-25'),
(4087, 'NC1118', 9038, '2022-11-03'),
(4088, 'NC1117', 8754, '2022-12-18'),
(4089, 'NC1114', 7797, '2022-12-19'),
(4090, 'NC1112', 7642, '2022-12-27'),
(4091, 'NC1118', 9530, '2023-01-18'),
(4092, 'NC1115', 9055, '2022-12-31'),
(4093, 'NC1112', 9688, '2022-11-23'),
(4094, 'NC1114', 7877, '2022-11-13'),
(4095, 'NC1114', 7111, '2022-11-01'),
(4096, 'NC1119', 9398, '2023-01-24'),
(4097, 'NC1115', 6318, '2023-01-04'),
(4098, 'NC1111', 6604, '2022-12-26'),
(4099, 'NC1114', 6723, '2022-12-07'),
(4100, 'NC1112', 7283, '2023-01-15'),
(4101, 'NC1117', 7736, '2022-11-09'),
(4102, 'NC1112', 6459, '2023-01-25'),
(4103, 'NC1113', 6243, '2022-11-07'),
(4104, 'NC1117', 5073, '2023-01-18'),
(4105, 'NC1118', 8987, '2023-01-26'),
(4106, 'NC1112', 6185, '2022-12-09'),
(4107, 'NC1114', 6504, '2023-01-12'),
(4108, 'NC1117', 8944, '2022-11-11'),
(4109, 'NC1114', 8367, '2022-11-30'),
(4110, 'NC1119', 5379, '2022-11-23'),
(4111, 'NC1116', 6822, '2022-11-21'),
(4112, 'NC1119', 6353, '2022-12-06'),
(4113, 'NC1113', 5564, '2022-12-23'),
(4114, 'NC1119', 6804, '2022-11-25'),
(4115, 'NC1114', 6332, '2022-11-23'),
(4116, 'NC1117', 6824, '2022-12-10'),
(4117, 'NC1119', 8453, '2022-12-16'),
(4118, 'NC1118', 6495, '2022-12-04'),
(4119, 'NC1113', 7061, '2022-12-28'),
(4120, 'NC1115', 8712, '2022-12-05'),
(4121, 'NC1111', 8640, '2022-12-31'),
(4122, 'NC1111', 6615, '2022-11-06'),
(4123, 'NC1119', 7053, '2023-01-11'),
(4124, 'NC1119', 7384, '2022-11-23'),
(4125, 'NC1111', 9030, '2023-01-23'),
(4126, 'NC1111', 8740, '2023-01-17'),
(4127, 'NC1119', 6485, '2022-12-20'),
(4128, 'NC1111', 9270, '2022-11-03'),
(4129, 'NC1114', 5838, '2023-01-14'),
(4130, 'NC1113', 6906, '2022-11-27'),
(4131, 'NC1117', 8883, '2022-11-18'),
(4132, 'NC1113', 5619, '2022-12-01'),
(4133, 'NC1117', 5559, '2022-12-20'),
(4134, 'NC1113', 7300, '2022-12-27'),
(4135, 'NC1114', 7984, '2022-11-20'),
(4136, 'NC1111', 8425, '2022-11-19'),
(4137, 'NC1119', 5420, '2022-12-15'),
(4138, 'NC1116', 6836, '2022-12-24'),
(4139, 'NC1116', 5693, '2022-11-29'),
(4140, 'NC1116', 5567, '2022-12-25'),
(4141, 'NC1117', 9576, '2022-11-26'),
(4142, 'NC1118', 9662, '2022-11-29'),
(4143, 'NC1119', 6085, '2022-12-22'),
(4144, 'NC1111', 5382, '2023-01-07'),
(4145, 'NC1118', 8686, '2022-12-26'),
(4146, 'NC1115', 5752, '2022-12-27'),
(4147, 'NC1118', 9046, '2022-12-20'),
(4148, 'NC1119', 6601, '2022-12-25'),
(4149, 'NC1114', 6999, '2022-12-27'),
(4150, 'NC1114', 5199, '2023-01-04'),
(4151, 'NC1111', 7555, '2023-01-20'),
(4152, 'NC1111', 5842, '2022-12-07'),
(4153, 'NC1117', 8946, '2022-11-14'),
(4154, 'NC1113', 7345, '2023-01-24'),
(4155, 'NC1119', 8997, '2022-12-09'),
(4156, 'NC1112', 6381, '2022-12-21'),
(4157, 'NC1113', 7782, '2023-01-08'),
(4158, 'NC1112', 8301, '2022-11-25'),
(4159, 'NC1118', 9083, '2023-01-29'),
(4160, 'NC1115', 9650, '2023-01-27'),
(4161, 'NC1117', 9812, '2022-11-19'),
(4162, 'NC1111', 6475, '2022-12-14'),
(4163, 'NC1118', 8890, '2022-12-28'),
(4164, 'NC1117', 5880, '2022-11-06'),
(4165, 'NC1113', 9635, '2022-11-20'),
(4166, 'NC1113', 5793, '2022-11-14'),
(4167, 'NC1119', 6962, '2022-11-19'),
(4168, 'NC1118', 5597, '2022-11-14'),
(4169, 'NC1116', 5729, '2022-11-03'),
(4170, 'NC1114', 6230, '2022-12-19'),
(4171, 'NC1111', 9479, '2023-01-29'),
(4172, 'NC1113', 6451, '2022-11-17'),
(4173, 'NC1119', 6521, '2023-01-25'),
(4174, 'NC1112', 5333, '2023-01-04'),
(4175, 'NC1111', 6324, '2022-11-11'),
(4176, 'NC1114', 5995, '2022-11-20'),
(4177, 'NC1114', 6897, '2022-12-15'),
(4178, 'NC1115', 8585, '2022-11-29'),
(4179, 'NC1112', 9486, '2022-11-25'),
(4180, 'NC1113', 5622, '2023-01-23'),
(4181, 'NC1116', 7740, '2022-12-21'),
(4182, 'NC1119', 9253, '2022-12-16'),
(4183, 'NC1118', 6644, '2022-12-21'),
(4184, 'NC1113', 8595, '2022-12-27'),
(4185, 'NC1113', 8705, '2023-01-24'),
(4186, 'NC1115', 9544, '2022-12-20'),
(4187, 'NC1117', 7991, '2022-11-19'),
(4188, 'NC1115', 7081, '2023-01-04'),
(4189, 'NC1117', 8876, '2022-12-20'),
(4190, 'NC1119', 9223, '2022-11-24'),
(4191, 'NC1114', 7994, '2022-12-26'),
(4192, 'NC1117', 6286, '2023-01-30'),
(4193, 'NC1118', 5764, '2022-12-15'),
(4194, 'NC1111', 6871, '2022-12-09'),
(4195, 'NC1117', 9094, '2023-01-24'),
(4196, 'NC1111', 9150, '2022-12-12'),
(4197, 'NC1119', 6065, '2022-12-27'),
(4198, 'NC1111', 9931, '2022-11-15'),
(4199, 'NC1114', 6932, '2023-01-12'),
(4200, 'NC1118', 9908, '2023-01-15'),
(4201, 'NC1117', 5051, '2022-11-09'),
(4202, 'NC1112', 6482, '2022-12-09'),
(4203, 'NC1114', 9257, '2022-12-02'),
(4204, 'NC1111', 8330, '2022-12-15'),
(4205, 'NC1111', 9628, '2022-12-15'),
(4206, 'NC1113', 9808, '2022-12-21'),
(4207, 'NC1115', 8040, '2022-12-12'),
(4208, 'NC1111', 8034, '2022-11-20'),
(4209, 'NC1115', 7949, '2022-12-26'),
(4210, 'NC1112', 5672, '2022-11-07'),
(4211, 'NC1115', 6695, '2023-01-22'),
(4212, 'NC1113', 9560, '2023-01-16'),
(4213, 'NC1116', 6745, '2023-01-15'),
(4214, 'NC1117', 8858, '2023-01-29'),
(4215, 'NC1118', 6899, '2022-12-08'),
(4216, 'NC1116', 6521, '2022-12-26'),
(4217, 'NC1113', 5334, '2022-11-14'),
(4218, 'NC1117', 7688, '2022-12-04'),
(4219, 'NC1116', 7922, '2023-01-16'),
(4220, 'NC1115', 9697, '2022-11-09'),
(4221, 'NC1112', 6157, '2022-12-05'),
(4222, 'NC1117', 8628, '2023-01-02'),
(4223, 'NC1119', 5787, '2022-11-06'),
(4224, 'NC1116', 6602, '2023-01-21'),
(4225, 'NC1113', 5023, '2023-01-09'),
(4226, 'NC1117', 7363, '2023-01-06'),
(4227, 'NC1117', 6178, '2023-01-13'),
(4228, 'NC1116', 5850, '2023-01-23'),
(4229, 'NC1111', 8028, '2022-12-06'),
(4230, 'NC1119', 6981, '2022-11-26'),
(4231, 'NC1113', 9806, '2022-11-13'),
(4232, 'NC1111', 7597, '2023-01-14'),
(4233, 'NC1117', 6237, '2022-12-08'),
(4234, 'NC1119', 6986, '2022-12-26'),
(4235, 'NC1117', 9622, '2022-11-20'),
(4236, 'NC1115', 6008, '2022-12-06'),
(4237, 'NC1117', 7016, '2022-11-01'),
(4238, 'NC1119', 6851, '2022-12-06'),
(4239, 'NC1116', 8725, '2023-01-24'),
(4240, 'NC1114', 8715, '2022-12-16'),
(4241, 'NC1117', 6239, '2023-01-27'),
(4242, 'NC1118', 7034, '2022-11-06'),
(4243, 'NC1115', 6327, '2022-12-20'),
(4244, 'NC1113', 7132, '2023-01-29'),
(4245, 'NC1114', 7000, '2022-11-04'),
(4246, 'NC1119', 8100, '2022-11-06'),
(4247, 'NC1119', 7564, '2022-11-27'),
(4248, 'NC1112', 5258, '2022-11-23'),
(4249, 'NC1116', 6091, '2023-01-04'),
(4250, 'NC1111', 5943, '2022-12-03'),
(4251, 'NC1112', 7972, '2022-11-09'),
(4252, 'NC1115', 9969, '2022-12-04'),
(4253, 'NC1117', 7181, '2023-01-18'),
(4254, 'NC1119', 8139, '2023-01-24'),
(4255, 'NC1118', 7004, '2023-01-15'),
(4256, 'NC1119', 8571, '2022-12-17'),
(4257, 'NC1112', 5236, '2022-11-25'),
(4258, 'NC1119', 7054, '2023-01-26'),
(4259, 'NC1114', 9777, '2022-11-06'),
(4260, 'NC1114', 9728, '2023-01-12'),
(4261, 'NC1119', 9873, '2022-11-03'),
(4262, 'NC1111', 6026, '2022-12-19'),
(4263, 'NC1114', 8611, '2022-12-19'),
(4264, 'NC1119', 7931, '2022-12-14'),
(4265, 'NC1114', 6069, '2022-11-17'),
(4266, 'NC1117', 7638, '2022-11-21'),
(4267, 'NC1115', 9883, '2022-11-14'),
(4268, 'NC1112', 5749, '2023-01-17'),
(4269, 'NC1115', 6115, '2022-11-15'),
(4270, 'NC1117', 9970, '2022-11-02'),
(4271, 'NC1118', 6964, '2023-01-10'),
(4272, 'NC1112', 5589, '2023-01-16'),
(4273, 'NC1113', 5500, '2022-12-05'),
(4274, 'NC1111', 6628, '2022-11-11'),
(4275, 'NC1116', 7373, '2022-11-12'),
(4276, 'NC1116', 8711, '2023-01-02'),
(4277, 'NC1116', 7964, '2023-01-28'),
(4278, 'NC1113', 5793, '2023-01-09'),
(4279, 'NC1119', 5731, '2023-01-05'),
(4280, 'NC1111', 7558, '2022-11-21'),
(4281, 'NC1115', 8846, '2022-11-19'),
(4282, 'NC1113', 6461, '2022-11-15'),
(4283, 'NC1113', 9607, '2022-11-04'),
(4284, 'NC1111', 8559, '2022-12-14'),
(4285, 'NC1118', 6553, '2022-12-26'),
(4286, 'NC1114', 9331, '2022-11-07'),
(4287, 'NC1116', 6315, '2022-12-03'),
(4288, 'NC1113', 6510, '2022-11-12'),
(4289, 'NC1115', 5766, '2023-01-18'),
(4290, 'NC1113', 5947, '2022-12-07'),
(4291, 'NC1115', 9876, '2023-01-27'),
(4292, 'NC1115', 6395, '2022-11-04'),
(4293, 'NC1114', 5237, '2023-01-27'),
(4294, 'NC1111', 9134, '2022-11-24'),
(4295, 'NC1117', 8033, '2023-01-18'),
(4296, 'NC1115', 7914, '2022-12-16'),
(4297, 'NC1118', 7204, '2023-01-18'),
(4298, 'NC1111', 5868, '2022-12-20'),
(4299, 'NC1118', 5884, '2022-11-07'),
(4300, 'NC1111', 8047, '2022-11-27'),
(4301, 'NC1113', 5670, '2022-11-28'),
(4302, 'NC1115', 9765, '2022-11-04'),
(4303, 'NC1111', 7229, '2022-11-24'),
(4304, 'NC1116', 9473, '2023-01-23'),
(4305, 'NC1119', 8340, '2022-12-08'),
(4306, 'NC1116', 7917, '2022-11-29'),
(4307, 'NC1114', 8749, '2022-12-31'),
(4308, 'NC1115', 8125, '2022-12-07'),
(4309, 'NC1116', 9297, '2022-11-17'),
(4310, 'NC1116', 8351, '2022-11-12'),
(4311, 'NC1111', 9431, '2022-12-16'),
(4312, 'NC1116', 9675, '2022-11-13'),
(4313, 'NC1118', 8198, '2022-11-22'),
(4314, 'NC1119', 5612, '2022-11-02'),
(4315, 'NC1114', 7570, '2022-12-18'),
(4316, 'NC1117', 8007, '2022-11-07'),
(4317, 'NC1116', 5684, '2022-11-16'),
(4318, 'NC1113', 8602, '2022-12-28'),
(4319, 'NC1114', 9483, '2022-12-09'),
(4320, 'NC1114', 5690, '2022-12-07'),
(4321, 'NC1113', 5890, '2022-11-16'),
(4322, 'NC1119', 9419, '2022-11-08'),
(4323, 'NC1111', 7507, '2022-12-03'),
(4324, 'NC1113', 7976, '2022-12-21'),
(4325, 'NC1116', 9031, '2022-11-20'),
(4326, 'NC1113', 8154, '2022-11-01'),
(4327, 'NC1117', 6391, '2023-01-18'),
(4328, 'NC1115', 9898, '2022-12-20'),
(4329, 'NC1119', 7802, '2022-12-27'),
(4330, 'NC1118', 8490, '2022-12-03'),
(4331, 'NC1114', 7001, '2023-01-17'),
(4332, 'NC1114', 7639, '2022-11-06'),
(4333, 'NC1115', 7588, '2023-01-14'),
(4334, 'NC1118', 9864, '2022-11-29'),
(4335, 'NC1114', 5673, '2022-11-18'),
(4336, 'NC1115', 8677, '2022-11-25'),
(4337, 'NC1119', 7825, '2023-01-04'),
(4338, 'NC1118', 5412, '2022-11-08'),
(4339, 'NC1111', 7660, '2022-12-22'),
(4340, 'NC1119', 8768, '2022-12-31'),
(4341, 'NC1113', 6320, '2022-12-11'),
(4342, 'NC1112', 5123, '2023-01-16'),
(4343, 'NC1112', 8255, '2023-01-03'),
(4344, 'NC1118', 5717, '2022-12-17'),
(4345, 'NC1114', 5710, '2023-01-04'),
(4346, 'NC1118', 6302, '2022-11-27'),
(4347, 'NC1119', 9854, '2023-01-20'),
(4348, 'NC1119', 8941, '2022-12-06'),
(4349, 'NC1113', 8582, '2022-12-22'),
(4350, 'NC1117', 6305, '2022-11-02'),
(4351, 'NC1115', 7217, '2022-11-25'),
(4352, 'NC1118', 6783, '2022-11-28'),
(4353, 'NC1111', 9841, '2022-11-11'),
(4354, 'NC1112', 9406, '2023-01-07'),
(4355, 'NC1117', 6420, '2022-12-01'),
(4356, 'NC1114', 5544, '2022-11-10'),
(4357, 'NC1114', 9259, '2023-01-07'),
(4358, 'NC1116', 6023, '2022-11-14'),
(4359, 'NC1117', 7295, '2022-11-16'),
(4360, 'NC1115', 7177, '2022-12-22'),
(4361, 'NC1116', 5701, '2022-11-27'),
(4362, 'NC1112', 7053, '2023-01-03'),
(4363, 'NC1112', 6811, '2023-01-25'),
(4364, 'NC1113', 7846, '2022-12-07'),
(4365, 'NC1116', 7569, '2022-12-18'),
(4366, 'NC1113', 9976, '2022-12-13'),
(4367, 'NC1117', 6327, '2022-12-29'),
(4368, 'NC1111', 5774, '2023-01-14'),
(4369, 'NC1115', 8009, '2022-11-12'),
(4370, 'NC1111', 9219, '2022-12-01'),
(4371, 'NC1119', 5003, '2023-01-16'),
(4372, 'NC1112', 5480, '2022-12-28'),
(4373, 'NC1113', 8440, '2022-12-21'),
(4374, 'NC1112', 5082, '2022-12-20'),
(4375, 'NC1118', 7794, '2022-11-22'),
(4376, 'NC1116', 5260, '2023-01-20'),
(4377, 'NC1118', 9026, '2023-01-17'),
(4378, 'NC1111', 9358, '2023-01-12'),
(4379, 'NC1114', 6972, '2022-12-13'),
(4380, 'NC1115', 8504, '2022-12-09'),
(4381, 'NC1114', 8954, '2022-12-05'),
(4382, 'NC1117', 6264, '2022-12-20'),
(4383, 'NC1119', 5917, '2023-01-28'),
(4384, 'NC1114', 5808, '2023-01-04'),
(4385, 'NC1112', 9916, '2022-11-18'),
(4386, 'NC1112', 6977, '2023-01-27'),
(4387, 'NC1117', 7862, '2023-01-08'),
(4388, 'NC1112', 9491, '2022-11-11'),
(4389, 'NC1114', 8341, '2022-11-12'),
(4390, 'NC1112', 5757, '2022-11-15'),
(4391, 'NC1116', 6291, '2022-11-07'),
(4392, 'NC1113', 5556, '2022-12-19'),
(4393, 'NC1117', 5189, '2022-11-09'),
(4394, 'NC1118', 9674, '2023-01-25'),
(4395, 'NC1112', 7880, '2022-11-30'),
(4396, 'NC1113', 7407, '2022-12-07'),
(4397, 'NC1117', 8875, '2023-01-26'),
(4398, 'NC1119', 6303, '2022-11-04'),
(4399, 'NC1114', 7333, '2022-11-23'),
(4400, 'NC1114', 7980, '2022-12-02'),
(4401, 'NC1112', 5815, '2022-11-27'),
(4402, 'NC1115', 7425, '2023-01-18'),
(4403, 'NC1113', 5652, '2022-11-12'),
(4404, 'NC1119', 5153, '2023-01-29'),
(4405, 'NC1116', 9508, '2022-12-03'),
(4406, 'NC1117', 5160, '2023-01-12'),
(4407, 'NC1116', 5847, '2022-11-20'),
(4408, 'NC1119', 7022, '2022-11-07'),
(4409, 'NC1111', 7933, '2023-01-18'),
(4410, 'NC1111', 9980, '2022-11-24'),
(4411, 'NC1117', 8199, '2023-01-18'),
(4412, 'NC1114', 5652, '2023-01-05'),
(4413, 'NC1111', 6334, '2022-12-06'),
(4414, 'NC1112', 7812, '2023-01-02'),
(4415, 'NC1119', 9985, '2022-11-06'),
(4416, 'NC1114', 8988, '2022-11-16'),
(4417, 'NC1116', 7152, '2022-11-28'),
(4418, 'NC1113', 5557, '2023-01-24'),
(4419, 'NC1115', 7822, '2023-01-20'),
(4420, 'NC1111', 8801, '2022-11-19'),
(4421, 'NC1119', 5875, '2022-11-01'),
(4422, 'NC1113', 6775, '2022-11-08'),
(4423, 'NC1117', 5370, '2022-11-05'),
(4424, 'NC1117', 5107, '2022-11-04'),
(4425, 'NC1112', 7969, '2023-01-09'),
(4426, 'NC1116', 9104, '2023-01-15'),
(4427, 'NC1118', 9213, '2023-01-14'),
(4428, 'NC1111', 9535, '2022-11-05'),
(4429, 'NC1117', 5203, '2022-12-07'),
(4430, 'NC1117', 5610, '2023-01-29'),
(4431, 'NC1118', 9027, '2022-12-06'),
(4432, 'NC1112', 8329, '2023-01-28'),
(4433, 'NC1116', 9538, '2022-12-10'),
(4434, 'NC1116', 8039, '2022-11-06'),
(4435, 'NC1114', 6038, '2022-12-09'),
(4436, 'NC1115', 5683, '2022-12-28'),
(4437, 'NC1119', 6187, '2022-11-19'),
(4438, 'NC1111', 8198, '2022-11-24'),
(4439, 'NC1116', 9365, '2022-12-20'),
(4440, 'NC1117', 8994, '2022-11-24'),
(4441, 'NC1114', 9330, '2022-12-14'),
(4442, 'NC1115', 9266, '2022-11-20'),
(4443, 'NC1117', 9733, '2022-11-10'),
(4444, 'NC1112', 7527, '2023-01-04'),
(4445, 'NC1111', 5100, '2022-12-28'),
(4446, 'NC1117', 5200, '2023-01-21'),
(4447, 'NC1113', 7136, '2022-11-24'),
(4448, 'NC1115', 5962, '2022-12-03'),
(4449, 'NC1111', 7300, '2023-01-26'),
(4450, 'NC1114', 6664, '2022-12-10'),
(4451, 'NC1111', 5377, '2023-01-27'),
(4452, 'NC1112', 9988, '2023-01-12'),
(4453, 'NC1118', 7974, '2023-01-01'),
(4454, 'NC1113', 8392, '2022-12-18'),
(4455, 'NC1111', 9073, '2022-11-10'),
(4456, 'NC1113', 7327, '2023-01-27'),
(4457, 'NC1114', 7499, '2022-12-02'),
(4458, 'NC1118', 7651, '2022-12-07'),
(4459, 'NC1116', 5848, '2023-01-05'),
(4460, 'NC1114', 9386, '2022-11-11'),
(4461, 'NC1112', 8610, '2022-11-27'),
(4462, 'NC1117', 6495, '2022-12-20'),
(4463, 'NC1113', 5707, '2022-11-04'),
(4464, 'NC1114', 9832, '2023-01-18'),
(4465, 'NC1112', 9133, '2022-12-31'),
(4466, 'NC1118', 6859, '2022-11-13'),
(4467, 'NC1118', 8801, '2022-11-27'),
(4468, 'NC1112', 7047, '2023-01-18'),
(4469, 'NC1116', 5644, '2022-12-19'),
(4470, 'NC1114', 5009, '2022-11-07'),
(4471, 'NC1113', 7007, '2022-11-09'),
(4472, 'NC1119', 7701, '2023-01-06'),
(4473, 'NC1112', 7484, '2023-01-06'),
(4474, 'NC1112', 9978, '2023-01-06'),
(4475, 'NC1114', 6358, '2022-12-08'),
(4476, 'NC1116', 9784, '2023-01-18'),
(4477, 'NC1116', 7502, '2022-12-04'),
(4478, 'NC1112', 8534, '2022-12-04'),
(4479, 'NC1115', 8491, '2023-01-14'),
(4480, 'NC1115', 5177, '2022-11-03'),
(4481, 'NC1113', 9541, '2023-01-09'),
(4482, 'NC1118', 8093, '2023-01-07'),
(4483, 'NC1119', 6919, '2022-12-29'),
(4484, 'NC1113', 9253, '2022-11-09'),
(4485, 'NC1116', 6720, '2023-01-23'),
(4486, 'NC1119', 7987, '2023-01-24'),
(4487, 'NC1117', 7651, '2022-12-18'),
(4488, 'NC1111', 9367, '2023-01-13'),
(4489, 'NC1118', 6566, '2023-01-24'),
(4490, 'NC1118', 6991, '2022-12-03'),
(4491, 'NC1118', 8557, '2023-01-23'),
(4492, 'NC1115', 9667, '2023-01-08'),
(4493, 'NC1118', 5657, '2022-12-26'),
(4494, 'NC1111', 7755, '2022-11-15'),
(4495, 'NC1116', 9106, '2023-01-19'),
(4496, 'NC1119', 8716, '2022-12-09'),
(4497, 'NC1117', 9583, '2022-11-16'),
(4498, 'NC1111', 6380, '2022-12-14'),
(4499, 'NC1119', 7087, '2022-12-26'),
(4500, 'NC1115', 5187, '2023-01-12'),
(4501, 'NC1114', 8877, '2022-12-12'),
(4502, 'NC1114', 5121, '2023-01-27'),
(4503, 'NC1116', 7426, '2023-01-20'),
(4504, 'NC1113', 9154, '2022-12-18'),
(4505, 'NC1114', 7280, '2023-01-27'),
(4506, 'NC1115', 7977, '2023-01-01'),
(4507, 'NC1113', 6750, '2022-11-22'),
(4508, 'NC1115', 7639, '2023-01-15'),
(4509, 'NC1119', 8223, '2022-12-25'),
(4510, 'NC1115', 8210, '2022-12-02'),
(4511, 'NC1117', 6335, '2022-12-12'),
(4512, 'NC1118', 5916, '2023-01-14'),
(4513, 'NC1112', 5565, '2023-01-06'),
(4514, 'NC1115', 5090, '2022-12-30'),
(4515, 'NC1119', 7694, '2023-01-14'),
(4516, 'NC1115', 5410, '2022-11-27'),
(4517, 'NC1118', 7013, '2022-11-17'),
(4518, 'NC1111', 6134, '2022-11-07'),
(4519, 'NC1118', 8879, '2022-12-17'),
(4520, 'NC1118', 5530, '2022-11-28'),
(4521, 'NC1119', 9190, '2023-01-20'),
(4522, 'NC1114', 7583, '2022-12-09'),
(4523, 'NC1118', 7509, '2022-12-19'),
(4524, 'NC1113', 8280, '2022-11-15'),
(4525, 'NC1117', 8216, '2022-12-06'),
(4526, 'NC1114', 6941, '2022-12-03'),
(4527, 'NC1113', 8085, '2023-01-05'),
(4528, 'NC1112', 5772, '2023-01-30'),
(4529, 'NC1115', 5723, '2022-12-23'),
(4530, 'NC1112', 7504, '2022-12-16'),
(4531, 'NC1113', 6581, '2022-12-10'),
(4532, 'NC1113', 6353, '2023-01-09'),
(4533, 'NC1112', 8784, '2022-11-06'),
(4534, 'NC1118', 9462, '2023-01-19'),
(4535, 'NC1119', 7105, '2022-12-25'),
(4536, 'NC1115', 5956, '2023-01-16'),
(4537, 'NC1115', 6699, '2023-01-05'),
(4538, 'NC1116', 6883, '2022-12-27'),
(4539, 'NC1114', 7745, '2022-11-05'),
(4540, 'NC1112', 7908, '2023-01-03'),
(4541, 'NC1112', 6799, '2022-12-13'),
(4542, 'NC1115', 5390, '2022-11-17'),
(4543, 'NC1113', 5871, '2022-12-03'),
(4544, 'NC1118', 5543, '2022-12-12'),
(4545, 'NC1116', 9288, '2022-12-22'),
(4546, 'NC1113', 5436, '2022-12-25'),
(4547, 'NC1118', 9683, '2022-11-25'),
(4548, 'NC1118', 6402, '2022-12-11'),
(4549, 'NC1119', 5532, '2023-01-08'),
(4550, 'NC1119', 9079, '2022-12-25'),
(4551, 'NC1116', 6408, '2023-01-28'),
(4552, 'NC1117', 9199, '2023-01-11'),
(4553, 'NC1117', 9183, '2023-01-30'),
(4554, 'NC1119', 9418, '2022-12-18'),
(4555, 'NC1111', 8470, '2022-11-26'),
(4556, 'NC1113', 5149, '2023-01-22'),
(4557, 'NC1111', 9969, '2023-01-02'),
(4558, 'NC1116', 7567, '2022-11-16'),
(4559, 'NC1112', 7503, '2022-12-29'),
(4560, 'NC1119', 7132, '2022-11-20'),
(4561, 'NC1116', 9011, '2022-12-10'),
(4562, 'NC1111', 6206, '2022-11-01'),
(4563, 'NC1118', 7493, '2023-01-10'),
(4564, 'NC1111', 7406, '2022-11-18'),
(4565, 'NC1113', 7313, '2022-11-18'),
(4566, 'NC1114', 7244, '2023-01-12'),
(4567, 'NC1111', 5022, '2023-01-14'),
(4568, 'NC1118', 8909, '2023-01-22'),
(4569, 'NC1112', 9169, '2022-12-31'),
(4570, 'NC1114', 6735, '2022-11-26'),
(4571, 'NC1112', 6589, '2022-11-18'),
(4572, 'NC1113', 6342, '2022-12-01'),
(4573, 'NC1111', 9581, '2022-12-07'),
(4574, 'NC1112', 9572, '2022-12-04'),
(4575, 'NC1111', 7360, '2022-11-16'),
(4576, 'NC1111', 7556, '2022-11-16'),
(4577, 'NC1118', 7610, '2022-11-24'),
(4578, 'NC1119', 9650, '2022-11-19'),
(4579, 'NC1111', 7046, '2022-11-13'),
(4580, 'NC1117', 5734, '2022-11-11'),
(4581, 'NC1114', 5105, '2023-01-19'),
(4582, 'NC1117', 7670, '2023-01-30'),
(4583, 'NC1118', 7635, '2022-12-02'),
(4584, 'NC1118', 9875, '2023-01-19'),
(4585, 'NC1114', 6122, '2023-01-10'),
(4586, 'NC1111', 6277, '2023-01-10'),
(4587, 'NC1111', 9906, '2023-01-03'),
(4588, 'NC1115', 8532, '2022-12-20'),
(4589, 'NC1111', 7697, '2023-01-24'),
(4590, 'NC1118', 6346, '2022-11-28'),
(4591, 'NC1119', 7750, '2022-11-28'),
(4592, 'NC1112', 5029, '2023-01-29'),
(4593, 'NC1119', 6342, '2023-01-01'),
(4594, 'NC1118', 7884, '2023-01-14'),
(4595, 'NC1116', 6160, '2022-11-12'),
(4596, 'NC1118', 8717, '2022-12-31'),
(4597, 'NC1117', 9857, '2022-12-19'),
(4598, 'NC1113', 8788, '2023-01-30'),
(4599, 'NC1116', 5159, '2022-11-11'),
(4600, 'NC1118', 9784, '2022-12-16'),
(4601, 'NC1113', 6266, '2023-01-15'),
(4602, 'NC1114', 9753, '2022-12-21'),
(4603, 'NC1116', 7373, '2023-01-01'),
(4604, 'NC1118', 5995, '2023-01-17'),
(4605, 'NC1114', 6099, '2023-01-06'),
(4606, 'NC1114', 9023, '2022-11-07'),
(4607, 'NC1111', 6961, '2022-12-12'),
(4608, 'NC1119', 7297, '2022-11-17'),
(4609, 'NC1116', 7839, '2022-12-29'),
(4610, 'NC1113', 8613, '2022-11-20'),
(4611, 'NC1116', 5332, '2022-11-10'),
(4612, 'NC1111', 8708, '2023-01-28'),
(4613, 'NC1115', 5357, '2023-01-30'),
(4614, 'NC1112', 6350, '2023-01-11'),
(4615, 'NC1113', 8384, '2023-01-06'),
(4616, 'NC1119', 5628, '2023-01-18'),
(4617, 'NC1114', 9619, '2022-11-03'),
(4618, 'NC1111', 9018, '2023-01-12'),
(4619, 'NC1111', 8601, '2022-12-21'),
(4620, 'NC1115', 6668, '2023-01-05'),
(4621, 'NC1116', 8055, '2022-12-14'),
(4622, 'NC1117', 7804, '2022-11-24'),
(4623, 'NC1114', 8367, '2023-01-03'),
(4624, 'NC1114', 8525, '2022-12-21'),
(4625, 'NC1117', 9903, '2022-12-22'),
(4626, 'NC1119', 8925, '2022-11-10'),
(4627, 'NC1114', 7964, '2022-11-04'),
(4628, 'NC1114', 6886, '2023-01-17'),
(4629, 'NC1114', 5351, '2022-12-10'),
(4630, 'NC1114', 8944, '2022-12-12'),
(4631, 'NC1118', 8869, '2022-11-17'),
(4632, 'NC1111', 7107, '2022-12-25'),
(4633, 'NC1111', 9750, '2022-12-08'),
(4634, 'NC1113', 5849, '2023-01-02'),
(4635, 'NC1117', 8280, '2022-12-28'),
(4636, 'NC1112', 8308, '2023-01-07'),
(4637, 'NC1117', 7610, '2022-11-06'),
(4638, 'NC1119', 9849, '2022-12-24'),
(4639, 'NC1117', 8756, '2022-11-10'),
(4640, 'NC1113', 5308, '2022-12-25'),
(4641, 'NC1113', 9157, '2022-11-10'),
(4642, 'NC1117', 6023, '2022-11-22'),
(4643, 'NC1118', 5338, '2022-11-26'),
(4644, 'NC1117', 8061, '2023-01-03'),
(4645, 'NC1113', 5842, '2022-11-28'),
(4646, 'NC1116', 5673, '2022-11-01'),
(4647, 'NC1116', 8405, '2022-11-13'),
(4648, 'NC1118', 8225, '2022-12-11'),
(4649, 'NC1114', 7989, '2022-12-11'),
(4650, 'NC1113', 5088, '2023-01-15'),
(4651, 'NC1112', 9008, '2022-11-16'),
(4652, 'NC1115', 8706, '2022-11-13'),
(4653, 'NC1114', 6929, '2022-12-06'),
(4654, 'NC1118', 5482, '2022-11-26'),
(4655, 'NC1111', 8799, '2023-01-05'),
(4656, 'NC1114', 7799, '2022-11-13'),
(4657, 'NC1115', 7364, '2023-01-20'),
(4658, 'NC1111', 5453, '2022-12-03'),
(4659, 'NC1112', 7390, '2022-11-24'),
(4660, 'NC1117', 5539, '2022-11-17'),
(4661, 'NC1116', 6550, '2022-11-27'),
(4662, 'NC1112', 5274, '2023-01-04'),
(4663, 'NC1112', 7278, '2022-12-08'),
(4664, 'NC1118', 5189, '2023-01-04'),
(4665, 'NC1112', 8268, '2022-12-15'),
(4666, 'NC1114', 9462, '2023-01-28'),
(4667, 'NC1117', 9008, '2022-11-10'),
(4668, 'NC1114', 8583, '2022-12-27'),
(4669, 'NC1117', 9280, '2022-12-27'),
(4670, 'NC1113', 8295, '2022-11-06'),
(4671, 'NC1116', 5479, '2022-11-07'),
(4672, 'NC1116', 7906, '2023-01-15'),
(4673, 'NC1113', 9520, '2022-12-28'),
(4674, 'NC1119', 8032, '2022-12-10'),
(4675, 'NC1112', 9715, '2023-01-08'),
(4676, 'NC1111', 9269, '2022-12-20'),
(4677, 'NC1111', 5069, '2022-12-20'),
(4678, 'NC1119', 6612, '2023-01-14'),
(4679, 'NC1116', 5188, '2022-12-23'),
(4680, 'NC1114', 6781, '2022-11-22'),
(4681, 'NC1114', 5054, '2023-01-10'),
(4682, 'NC1116', 8840, '2023-01-18'),
(4683, 'NC1114', 9374, '2022-12-07'),
(4684, 'NC1116', 7093, '2022-12-27'),
(4685, 'NC1115', 9235, '2023-01-13'),
(4686, 'NC1114', 9680, '2023-01-11'),
(4687, 'NC1113', 8475, '2022-12-10'),
(4688, 'NC1116', 6857, '2023-01-23'),
(4689, 'NC1119', 5255, '2022-12-21'),
(4690, 'NC1113', 9167, '2022-12-25'),
(4691, 'NC1118', 5260, '2022-12-23'),
(4692, 'NC1112', 5153, '2023-01-11'),
(4693, 'NC1111', 9061, '2022-11-07'),
(4694, 'NC1119', 9053, '2022-11-14'),
(4695, 'NC1119', 9704, '2022-11-23'),
(4696, 'NC1111', 9061, '2022-11-19'),
(4697, 'NC1113', 8523, '2022-11-08'),
(4698, 'NC1111', 9741, '2022-12-25'),
(4699, 'NC1112', 5759, '2023-01-14'),
(4700, 'NC1119', 7658, '2023-01-16'),
(4701, 'NC1112', 6797, '2023-01-12'),
(4702, 'NC1111', 7545, '2022-11-07'),
(4703, 'NC1112', 9479, '2022-11-08'),
(4704, 'NC1119', 9331, '2022-11-26'),
(4705, 'NC1117', 7964, '2023-01-16'),
(4706, 'NC1116', 6324, '2022-12-31'),
(4707, 'NC1118', 7798, '2023-01-29'),
(4708, 'NC1119', 8305, '2022-12-28'),
(4709, 'NC1111', 9077, '2023-01-03'),
(4710, 'NC1113', 9783, '2023-01-03'),
(4711, 'NC1111', 9402, '2022-11-06'),
(4712, 'NC1117', 7475, '2023-01-12'),
(4713, 'NC1118', 5000, '2022-12-30'),
(4714, 'NC1116', 8591, '2022-12-18'),
(4715, 'NC1119', 8919, '2022-12-22'),
(4716, 'NC1119', 5044, '2022-11-02'),
(4717, 'NC1113', 8071, '2022-11-14'),
(4718, 'NC1113', 5230, '2023-01-11'),
(4719, 'NC1119', 8524, '2023-01-05'),
(4720, 'NC1119', 9010, '2022-11-12'),
(4721, 'NC1111', 9532, '2022-12-23'),
(4722, 'NC1114', 8639, '2022-12-25'),
(4723, 'NC1111', 6752, '2022-11-01'),
(4724, 'NC1111', 6289, '2022-11-03'),
(4725, 'NC1112', 6721, '2023-01-30'),
(4726, 'NC1115', 9507, '2022-12-09'),
(4727, 'NC1115', 9409, '2022-12-12'),
(4728, 'NC1118', 6982, '2022-12-14'),
(4729, 'NC1117', 8725, '2022-11-06'),
(4730, 'NC1116', 9930, '2022-12-17'),
(4731, 'NC1113', 5939, '2022-12-26'),
(4732, 'NC1112', 9145, '2022-12-10'),
(4733, 'NC1114', 5743, '2022-11-26'),
(4734, 'NC1116', 7072, '2022-12-07'),
(4735, 'NC1114', 8676, '2022-11-30'),
(4736, 'NC1112', 7504, '2022-12-17'),
(4737, 'NC1114', 8905, '2023-01-15'),
(4738, 'NC1113', 6320, '2022-12-17'),
(4739, 'NC1114', 6046, '2022-11-30'),
(4740, 'NC1115', 6727, '2022-11-15'),
(4741, 'NC1111', 8515, '2023-01-11'),
(4742, 'NC1113', 9374, '2023-01-03'),
(4743, 'NC1119', 6473, '2022-12-27'),
(4744, 'NC1117', 7500, '2022-12-02'),
(4745, 'NC1114', 6746, '2022-11-26'),
(4746, 'NC1116', 8913, '2022-11-25'),
(4747, 'NC1112', 7711, '2022-12-02'),
(4748, 'NC1111', 7955, '2022-11-09'),
(4749, 'NC1115', 8195, '2022-12-15'),
(4750, 'NC1119', 8734, '2022-12-02'),
(4751, 'NC1114', 7315, '2023-01-30'),
(4752, 'NC1114', 6610, '2022-11-13'),
(4753, 'NC1117', 9568, '2023-01-09'),
(4754, 'NC1114', 7132, '2023-01-13'),
(4755, 'NC1112', 9128, '2023-01-03'),
(4756, 'NC1114', 7062, '2022-12-02'),
(4757, 'NC1111', 8726, '2022-11-08'),
(4758, 'NC1118', 6769, '2023-01-21'),
(4759, 'NC1116', 5516, '2022-11-17'),
(4760, 'NC1117', 7051, '2022-11-07'),
(4761, 'NC1116', 6067, '2022-12-02'),
(4762, 'NC1115', 9971, '2023-01-19'),
(4763, 'NC1111', 6450, '2023-01-05'),
(4764, 'NC1111', 5658, '2022-11-06'),
(4765, 'NC1119', 9503, '2023-01-22'),
(4766, 'NC1112', 9896, '2023-01-28'),
(4767, 'NC1115', 5758, '2022-11-12'),
(4768, 'NC1111', 7923, '2023-01-11'),
(4769, 'NC1111', 9103, '2022-12-31'),
(4770, 'NC1117', 6771, '2022-11-16'),
(4771, 'NC1115', 5255, '2022-12-28'),
(4772, 'NC1115', 9885, '2022-12-27'),
(4773, 'NC1111', 6749, '2023-01-03'),
(4774, 'NC1111', 5779, '2022-11-25'),
(4775, 'NC1119', 7764, '2023-01-02'),
(4776, 'NC1115', 9065, '2023-01-17'),
(4777, 'NC1111', 8200, '2022-11-13'),
(4778, 'NC1118', 9581, '2022-11-01'),
(4779, 'NC1112', 6943, '2022-12-16'),
(4780, 'NC1115', 6231, '2023-01-23'),
(4781, 'NC1119', 8543, '2022-11-18'),
(4782, 'NC1117', 6009, '2022-11-07'),
(4783, 'NC1117', 7222, '2022-12-04'),
(4784, 'NC1113', 7065, '2023-01-28'),
(4785, 'NC1118', 5608, '2022-12-18'),
(4786, 'NC1111', 9190, '2022-12-09'),
(4787, 'NC1117', 9831, '2022-12-05'),
(4788, 'NC1115', 5167, '2022-12-22'),
(4789, 'NC1112', 8627, '2023-01-04'),
(4790, 'NC1116', 9314, '2022-12-02'),
(4791, 'NC1117', 6496, '2022-11-07'),
(4792, 'NC1119', 6760, '2023-01-07'),
(4793, 'NC1119', 8115, '2022-11-30'),
(4794, 'NC1117', 7944, '2022-12-25'),
(4795, 'NC1117', 5998, '2022-11-10'),
(4796, 'NC1116', 9400, '2022-11-06'),
(4797, 'NC1115', 7673, '2022-12-30'),
(4798, 'NC1115', 9662, '2023-01-10'),
(4799, 'NC1118', 7600, '2023-01-19'),
(4800, 'NC1113', 7680, '2023-01-25'),
(4801, 'NC1112', 7479, '2022-12-11'),
(4802, 'NC1119', 5444, '2022-12-26'),
(4803, 'NC1115', 7623, '2022-11-19'),
(4804, 'NC1114', 7625, '2023-01-08'),
(4805, 'NC1117', 8740, '2023-01-18'),
(4806, 'NC1115', 5126, '2022-11-13'),
(4807, 'NC1115', 9941, '2023-01-25'),
(4808, 'NC1118', 8679, '2022-11-02'),
(4809, 'NC1119', 9840, '2023-01-13'),
(4810, 'NC1113', 6045, '2023-01-08'),
(4811, 'NC1111', 7772, '2022-11-19'),
(4812, 'NC1111', 6157, '2022-12-09'),
(4813, 'NC1116', 8078, '2022-12-15'),
(4814, 'NC1113', 7835, '2022-11-08'),
(4815, 'NC1117', 7101, '2023-01-06'),
(4816, 'NC1116', 6128, '2023-01-16'),
(4817, 'NC1117', 6609, '2023-01-05'),
(4818, 'NC1112', 6759, '2022-12-01'),
(4819, 'NC1113', 5994, '2023-01-11'),
(4820, 'NC1116', 9969, '2023-01-29'),
(4821, 'NC1114', 8410, '2023-01-01'),
(4822, 'NC1111', 7371, '2023-01-11'),
(4823, 'NC1113', 7058, '2022-12-16'),
(4824, 'NC1111', 9208, '2023-01-26'),
(4825, 'NC1115', 5243, '2022-12-16'),
(4826, 'NC1118', 8286, '2022-12-12'),
(4827, 'NC1117', 7904, '2022-11-09'),
(4828, 'NC1114', 6974, '2023-01-12'),
(4829, 'NC1114', 5472, '2023-01-03'),
(4830, 'NC1116', 6675, '2023-01-04'),
(4831, 'NC1115', 9408, '2022-12-23'),
(4832, 'NC1117', 8754, '2022-12-16'),
(4833, 'NC1117', 7572, '2023-01-17'),
(4834, 'NC1115', 8889, '2023-01-01'),
(4835, 'NC1113', 6227, '2022-11-18'),
(4836, 'NC1119', 8014, '2022-12-02'),
(4837, 'NC1119', 8153, '2022-11-12'),
(4838, 'NC1119', 9783, '2022-12-19'),
(4839, 'NC1119', 8378, '2023-01-29'),
(4840, 'NC1114', 5989, '2022-11-07'),
(4841, 'NC1115', 9075, '2023-01-08'),
(4842, 'NC1113', 6036, '2022-12-12'),
(4843, 'NC1113', 8547, '2022-12-07'),
(4844, 'NC1117', 7862, '2022-11-29'),
(4845, 'NC1114', 8886, '2022-11-08'),
(4846, 'NC1115', 6705, '2022-12-01'),
(4847, 'NC1117', 5026, '2022-11-05'),
(4848, 'NC1117', 7575, '2023-01-05'),
(4849, 'NC1117', 6012, '2022-12-13'),
(4850, 'NC1119', 5099, '2022-11-21'),
(4851, 'NC1111', 8233, '2023-01-11'),
(4852, 'NC1117', 9319, '2023-01-29'),
(4853, 'NC1113', 6097, '2023-01-10'),
(4854, 'NC1113', 9257, '2022-12-11'),
(4855, 'NC1112', 7383, '2022-12-26'),
(4856, 'NC1115', 8763, '2022-11-23'),
(4857, 'NC1119', 5333, '2022-12-01'),
(4858, 'NC1114', 5240, '2022-12-19'),
(4859, 'NC1113', 8744, '2022-11-18'),
(4860, 'NC1114', 8530, '2023-01-04'),
(4861, 'NC1112', 6409, '2022-12-28'),
(4862, 'NC1116', 9263, '2023-01-01'),
(4863, 'NC1112', 6609, '2023-01-25'),
(4864, 'NC1118', 7494, '2023-01-08'),
(4865, 'NC1115', 5515, '2022-11-09'),
(4866, 'NC1117', 9256, '2022-12-20'),
(4867, 'NC1116', 5841, '2023-01-30'),
(4868, 'NC1117', 9029, '2022-12-13'),
(4869, 'NC1116', 7868, '2022-12-02'),
(4870, 'NC1119', 7302, '2022-12-24'),
(4871, 'NC1118', 8968, '2022-12-18'),
(4872, 'NC1119', 5552, '2022-11-18'),
(4873, 'NC1117', 6745, '2022-12-19'),
(4874, 'NC1115', 9656, '2023-01-04'),
(4875, 'NC1116', 7133, '2022-12-30'),
(4876, 'NC1118', 7875, '2022-12-24'),
(4877, 'NC1118', 9681, '2023-01-09'),
(4878, 'NC1111', 8201, '2023-01-30'),
(4879, 'NC1115', 6872, '2022-11-01'),
(4880, 'NC1117', 7623, '2022-12-26'),
(4881, 'NC1116', 8059, '2023-01-21'),
(4882, 'NC1119', 5976, '2022-12-31'),
(4883, 'NC1111', 7606, '2023-01-23'),
(4884, 'NC1116', 6093, '2022-12-24'),
(4885, 'NC1111', 8581, '2023-01-23'),
(4886, 'NC1112', 5058, '2022-12-15'),
(4887, 'NC1117', 5491, '2022-12-26'),
(4888, 'NC1112', 5548, '2022-12-26'),
(4889, 'NC1113', 8411, '2022-11-28'),
(4890, 'NC1118', 7394, '2023-01-26'),
(4891, 'NC1119', 8846, '2023-01-22'),
(4892, 'NC1114', 5256, '2023-01-08'),
(4893, 'NC1116', 9683, '2023-01-13'),
(4894, 'NC1116', 6516, '2022-12-26'),
(4895, 'NC1118', 5205, '2022-11-12'),
(4896, 'NC1113', 9172, '2023-01-12'),
(4897, 'NC1116', 7903, '2022-11-05'),
(4898, 'NC1118', 6446, '2023-01-09'),
(4899, 'NC1111', 5723, '2022-11-08'),
(4900, 'NC1112', 7420, '2023-01-20'),
(4901, 'NC1117', 8222, '2022-11-30'),
(4902, 'NC1115', 8454, '2022-11-02'),
(4903, 'NC1117', 6251, '2022-12-14'),
(4904, 'NC1111', 5051, '2022-12-31'),
(4905, 'NC1111', 8639, '2023-01-20'),
(4906, 'NC1111', 7596, '2022-11-16'),
(4907, 'NC1115', 8463, '2023-01-15'),
(4908, 'NC1119', 8093, '2022-11-10'),
(4909, 'NC1118', 9698, '2023-01-10'),
(4910, 'NC1117', 7135, '2022-12-01'),
(4911, 'NC1111', 9493, '2023-01-29'),
(4912, 'NC1115', 7489, '2023-01-23'),
(4913, 'NC1114', 7809, '2022-11-30'),
(4914, 'NC1112', 5515, '2023-01-26'),
(4915, 'NC1115', 5773, '2022-12-12'),
(4916, 'NC1116', 8036, '2022-11-30'),
(4917, 'NC1116', 6130, '2022-11-19'),
(4918, 'NC1119', 7950, '2022-11-21'),
(4919, 'NC1116', 5072, '2023-01-08'),
(4920, 'NC1115', 7481, '2023-01-25'),
(4921, 'NC1114', 7528, '2023-01-20'),
(4922, 'NC1113', 7118, '2022-12-15'),
(4923, 'NC1115', 6231, '2022-12-11'),
(4924, 'NC1114', 5943, '2023-01-12'),
(4925, 'NC1112', 5261, '2023-01-13'),
(4926, 'NC1115', 6070, '2023-01-19'),
(4927, 'NC1114', 7176, '2022-12-30'),
(4928, 'NC1114', 7452, '2022-12-14'),
(4929, 'NC1118', 6560, '2023-01-15'),
(4930, 'NC1118', 9862, '2023-01-20'),
(4931, 'NC1115', 9426, '2022-11-13'),
(4932, 'NC1114', 8301, '2022-12-07'),
(4933, 'NC1117', 9176, '2023-01-22'),
(4934, 'NC1112', 9304, '2022-12-13'),
(4935, 'NC1114', 5771, '2022-12-11'),
(4936, 'NC1119', 9958, '2022-11-10'),
(4937, 'NC1115', 8347, '2022-12-18'),
(4938, 'NC1119', 9425, '2022-12-21'),
(4939, 'NC1118', 7308, '2022-11-26'),
(4940, 'NC1116', 8342, '2022-11-04'),
(4941, 'NC1116', 7961, '2022-11-14'),
(4942, 'NC1114', 5031, '2023-01-27'),
(4943, 'NC1118', 7425, '2022-11-01'),
(4944, 'NC1116', 5253, '2023-01-21'),
(4945, 'NC1112', 5150, '2022-11-16'),
(4946, 'NC1112', 8617, '2022-12-31'),
(4947, 'NC1112', 5613, '2023-01-15'),
(4948, 'NC1119', 9451, '2023-01-22'),
(4949, 'NC1116', 5231, '2023-01-22'),
(4950, 'NC1114', 7560, '2022-12-25'),
(4951, 'NC1113', 8824, '2022-11-24'),
(4952, 'NC1116', 5549, '2022-12-22'),
(4953, 'NC1118', 9466, '2022-11-07'),
(4954, 'NC1119', 5100, '2023-01-03'),
(4955, 'NC1116', 5377, '2022-11-16'),
(4956, 'NC1111', 7353, '2023-01-18'),
(4957, 'NC1115', 6858, '2022-12-16'),
(4958, 'NC1116', 7078, '2022-12-21'),
(4959, 'NC1115', 9911, '2022-12-08'),
(4960, 'NC1113', 7782, '2023-01-23'),
(4961, 'NC1116', 7447, '2022-11-15'),
(4962, 'NC1115', 5541, '2022-12-09'),
(4963, 'NC1112', 6018, '2023-01-03'),
(4964, 'NC1116', 6359, '2022-12-19'),
(4965, 'NC1112', 7122, '2022-12-13'),
(4966, 'NC1111', 7980, '2022-11-01'),
(4967, 'NC1119', 8381, '2022-11-17'),
(4968, 'NC1113', 6068, '2022-11-28'),
(4969, 'NC1111', 8353, '2023-01-06'),
(4970, 'NC1115', 6650, '2022-12-11'),
(4971, 'NC1115', 8880, '2023-01-15'),
(4972, 'NC1116', 9408, '2022-11-25'),
(4973, 'NC1111', 5713, '2023-01-13'),
(4974, 'NC1112', 7138, '2023-01-23'),
(4975, 'NC1117', 8401, '2022-12-13'),
(4976, 'NC1116', 5125, '2022-11-27'),
(4977, 'NC1115', 7221, '2023-01-01'),
(4978, 'NC1116', 9926, '2022-12-06'),
(4979, 'NC1111', 8347, '2022-11-22'),
(4980, 'NC1114', 7088, '2022-11-24'),
(4981, 'NC1117', 6170, '2023-04-02'),
(4982, 'NC1112', 9428, '2023-02-23'),
(4983, 'NC1117', 9209, '2023-04-06'),
(4984, 'NC1118', 5098, '2023-04-08'),
(4985, 'NC1117', 7748, '2023-03-26'),
(4986, 'NC1111', 7908, '2023-02-14'),
(4987, 'NC1111', 6747, '2023-03-15'),
(4988, 'NC1119', 9611, '2023-04-09'),
(4989, 'NC1114', 6423, '2023-05-12'),
(4990, 'NC1112', 7620, '2023-05-13'),
(4991, 'NC1118', 6362, '2023-05-10'),
(4992, 'NC1117', 8376, '2023-05-02'),
(4993, 'NC1118', 8719, '2023-05-05'),
(4994, 'NC1114', 9699, '2023-04-02'),
(4995, 'NC1119', 8908, '2023-03-08'),
(4996, 'NC1116', 5506, '2023-03-18'),
(4997, 'NC1112', 6354, '2023-05-12'),
(4998, 'NC1114', 7848, '2023-05-06'),
(4999, 'NC1113', 6269, '2023-02-06'),
(5000, 'NC1111', 8017, '2023-02-04'),
(5001, 'NC1119', 6737, '2023-04-14'),
(5002, 'NC1118', 6489, '2023-05-15'),
(5003, 'NC1117', 6586, '2023-02-04'),
(5004, 'NC1119', 9775, '2023-04-13'),
(5005, 'NC1118', 9333, '2023-05-06'),
(5006, 'NC1113', 8054, '2023-03-06'),
(5007, 'NC1111', 8077, '2023-04-17'),
(5008, 'NC1114', 6449, '2023-05-15'),
(5009, 'NC1112', 9541, '2023-03-22'),
(5010, 'NC1111', 8106, '2023-02-02'),
(5011, 'NC1115', 8514, '2023-03-29'),
(5012, 'NC1119', 5309, '2023-02-07'),
(5013, 'NC1112', 5132, '2023-04-14'),
(5014, 'NC1111', 7996, '2023-04-28'),
(5015, 'NC1114', 8346, '2023-03-17'),
(5016, 'NC1119', 5568, '2023-02-07'),
(5017, 'NC1113', 7116, '2023-03-25'),
(5018, 'NC1111', 6992, '2023-03-17'),
(5019, 'NC1111', 5899, '2023-04-14'),
(5020, 'NC1115', 6848, '2023-05-14'),
(5021, 'NC1113', 6788, '2023-05-01'),
(5022, 'NC1112', 5539, '2023-05-02'),
(5023, 'NC1115', 9673, '2023-02-23'),
(5024, 'NC1117', 6094, '2023-04-03'),
(5025, 'NC1112', 9805, '2023-03-24'),
(5026, 'NC1111', 8091, '2023-03-25'),
(5027, 'NC1115', 8240, '2023-03-12'),
(5028, 'NC1112', 8900, '2023-03-23'),
(5029, 'NC1111', 6167, '2023-05-14'),
(5030, 'NC1113', 5283, '2023-04-01'),
(5031, 'NC1112', 9594, '2023-03-21'),
(5032, 'NC1114', 6050, '2023-05-01'),
(5033, 'NC1116', 8445, '2023-04-02'),
(5034, 'NC1116', 7506, '2023-02-18'),
(5035, 'NC1117', 7364, '2023-02-23'),
(5036, 'NC1117', 6231, '2023-02-06'),
(5037, 'NC1114', 7646, '2023-05-09'),
(5038, 'NC1114', 8464, '2023-03-24'),
(5039, 'NC1111', 5987, '2023-02-10'),
(5040, 'NC1112', 9218, '2023-05-09'),
(5041, 'NC1119', 6974, '2023-02-03'),
(5042, 'NC1112', 6760, '2023-04-24'),
(5043, 'NC1112', 5744, '2023-02-19'),
(5044, 'NC1119', 9491, '2023-02-24'),
(5045, 'NC1114', 6117, '2023-02-27'),
(5046, 'NC1114', 7287, '2023-03-03'),
(5047, 'NC1114', 9661, '2023-04-03'),
(5048, 'NC1115', 8926, '2023-04-20'),
(5049, 'NC1115', 8383, '2023-03-04'),
(5050, 'NC1116', 9305, '2023-04-24'),
(5051, 'NC1119', 9435, '2023-04-12'),
(5052, 'NC1118', 7564, '2023-04-26'),
(5053, 'NC1113', 9519, '2023-02-07'),
(5054, 'NC1113', 6786, '2023-05-03'),
(5055, 'NC1119', 5713, '2023-04-11'),
(5056, 'NC1114', 5442, '2023-02-23'),
(5057, 'NC1119', 8154, '2023-04-23'),
(5058, 'NC1112', 9061, '2023-04-16'),
(5059, 'NC1111', 6071, '2023-05-06'),
(5060, 'NC1115', 7486, '2023-04-23'),
(5061, 'NC1114', 6306, '2023-03-22'),
(5062, 'NC1115', 5301, '2023-02-26'),
(5063, 'NC1111', 7682, '2023-03-02'),
(5064, 'NC1113', 5509, '2023-03-04'),
(5065, 'NC1119', 9333, '2023-03-25'),
(5066, 'NC1118', 8620, '2023-05-08'),
(5067, 'NC1111', 9494, '2023-05-15'),
(5068, 'NC1113', 7373, '2023-02-15'),
(5069, 'NC1113', 5458, '2023-04-13'),
(5070, 'NC1113', 8107, '2023-04-20'),
(5071, 'NC1112', 5995, '2023-02-15'),
(5072, 'NC1113', 6685, '2023-03-28'),
(5073, 'NC1113', 7592, '2023-02-02'),
(5074, 'NC1111', 8314, '2023-04-28'),
(5075, 'NC1117', 6725, '2023-04-28'),
(5076, 'NC1113', 8932, '2023-03-21'),
(5077, 'NC1111', 6170, '2023-02-11'),
(5078, 'NC1118', 5255, '2023-04-29'),
(5079, 'NC1119', 9424, '2023-04-14'),
(5080, 'NC1119', 9512, '2023-02-20'),
(5081, 'NC1119', 8748, '2023-04-08'),
(5082, 'NC1111', 8380, '2023-05-03'),
(5083, 'NC1112', 9578, '2023-03-04'),
(5084, 'NC1114', 9250, '2023-04-25'),
(5085, 'NC1119', 8824, '2023-03-04'),
(5086, 'NC1119', 9417, '2023-04-19'),
(5087, 'NC1115', 7602, '2023-02-01'),
(5088, 'NC1112', 8882, '2023-04-03'),
(5089, 'NC1118', 8190, '2023-02-21'),
(5090, 'NC1118', 9477, '2023-04-02'),
(5091, 'NC1116', 6966, '2023-04-28'),
(5092, 'NC1115', 8660, '2023-02-18'),
(5093, 'NC1116', 9417, '2023-02-02'),
(5094, 'NC1117', 7184, '2023-02-23'),
(5095, 'NC1117', 8227, '2023-02-08'),
(5096, 'NC1111', 9726, '2023-03-30'),
(5097, 'NC1117', 5501, '2023-03-31'),
(5098, 'NC1112', 8308, '2023-03-20'),
(5099, 'NC1112', 7690, '2023-05-15'),
(5100, 'NC1116', 5160, '2023-02-06'),
(5101, 'NC1116', 7125, '2023-04-26'),
(5102, 'NC1111', 7260, '2023-04-23'),
(5103, 'NC1116', 8536, '2023-03-11'),
(5104, 'NC1118', 5754, '2023-02-13'),
(5105, 'NC1114', 6410, '2023-04-28'),
(5106, 'NC1117', 5920, '2023-05-12'),
(5107, 'NC1115', 8532, '2023-03-31'),
(5108, 'NC1111', 7758, '2023-04-24'),
(5109, 'NC1116', 8009, '2023-04-28'),
(5110, 'NC1113', 5737, '2023-04-17'),
(5111, 'NC1118', 8843, '2023-04-22'),
(5112, 'NC1113', 6769, '2023-02-08'),
(5113, 'NC1111', 6967, '2023-02-09'),
(5114, 'NC1114', 8056, '2023-03-02'),
(5115, 'NC1113', 7938, '2023-04-29'),
(5116, 'NC1114', 5328, '2023-02-04'),
(5117, 'NC1117', 6381, '2023-02-09'),
(5118, 'NC1117', 8771, '2023-03-03'),
(5119, 'NC1114', 7167, '2023-03-22'),
(5120, 'NC1117', 8385, '2023-02-17'),
(5121, 'NC1115', 7411, '2023-05-05'),
(5122, 'NC1112', 6385, '2023-05-15'),
(5123, 'NC1114', 7764, '2023-03-17'),
(5124, 'NC1111', 5405, '2023-03-21'),
(5125, 'NC1119', 8924, '2023-03-31'),
(5126, 'NC1116', 8747, '2023-03-03'),
(5127, 'NC1111', 7555, '2023-02-18'),
(5128, 'NC1111', 7264, '2023-04-24'),
(5129, 'NC1118', 8939, '2023-03-08'),
(5130, 'NC1116', 7022, '2023-04-23'),
(5131, 'NC1111', 7638, '2023-04-17'),
(5132, 'NC1118', 9993, '2023-02-20'),
(5133, 'NC1112', 5177, '2023-04-18'),
(5134, 'NC1114', 5782, '2023-02-26'),
(5135, 'NC1117', 7603, '2023-02-01'),
(5136, 'NC1116', 8996, '2023-04-26'),
(5137, 'NC1118', 5885, '2023-02-10'),
(5138, 'NC1114', 5958, '2023-04-09'),
(5139, 'NC1114', 5855, '2023-02-08'),
(5140, 'NC1117', 7652, '2023-03-07'),
(5141, 'NC1111', 7730, '2023-04-15'),
(5142, 'NC1117', 5635, '2023-05-10'),
(5143, 'NC1115', 5513, '2023-02-09'),
(5144, 'NC1112', 8028, '2023-04-11'),
(5145, 'NC1116', 5753, '2023-03-18'),
(5146, 'NC1117', 8312, '2023-03-06'),
(5147, 'NC1116', 5201, '2023-03-24'),
(5148, 'NC1116', 9273, '2023-05-12'),
(5149, 'NC1116', 9874, '2023-02-05'),
(5150, 'NC1111', 5705, '2023-02-14'),
(5151, 'NC1116', 6538, '2023-02-09'),
(5152, 'NC1111', 7817, '2023-05-07'),
(5153, 'NC1113', 9428, '2023-03-13'),
(5154, 'NC1116', 5560, '2023-05-02'),
(5155, 'NC1119', 6241, '2023-03-02'),
(5156, 'NC1111', 9725, '2023-04-02'),
(5157, 'NC1114', 8842, '2023-04-07'),
(5158, 'NC1119', 8700, '2023-05-15'),
(5159, 'NC1116', 6290, '2023-02-22'),
(5160, 'NC1113', 6226, '2023-05-10'),
(5161, 'NC1118', 9536, '2023-04-18'),
(5162, 'NC1111', 6029, '2023-04-22'),
(5163, 'NC1112', 9900, '2023-05-06'),
(5164, 'NC1119', 8890, '2023-03-29'),
(5165, 'NC1116', 9228, '2023-03-24'),
(5166, 'NC1116', 9383, '2023-03-10'),
(5167, 'NC1116', 9550, '2023-03-21'),
(5168, 'NC1118', 8041, '2023-04-22'),
(5169, 'NC1118', 9432, '2023-02-02'),
(5170, 'NC1116', 5774, '2023-02-05'),
(5171, 'NC1118', 5956, '2023-03-13'),
(5172, 'NC1113', 7117, '2023-05-05'),
(5173, 'NC1116', 7211, '2023-02-07'),
(5174, 'NC1115', 8342, '2023-02-18'),
(5175, 'NC1116', 9781, '2023-05-10'),
(5176, 'NC1113', 7344, '2023-02-19'),
(5177, 'NC1111', 8506, '2023-04-12'),
(5178, 'NC1115', 8223, '2023-04-22'),
(5179, 'NC1117', 9848, '2023-02-19'),
(5180, 'NC1111', 7500, '2023-05-10'),
(5181, 'NC1116', 6616, '2023-02-12'),
(5182, 'NC1113', 8647, '2023-05-02'),
(5183, 'NC1117', 8227, '2023-03-11'),
(5184, 'NC1111', 8172, '2023-04-08'),
(5185, 'NC1116', 9122, '2023-04-08'),
(5186, 'NC1115', 5313, '2023-04-30'),
(5187, 'NC1111', 6550, '2023-05-10'),
(5188, 'NC1119', 6192, '2023-03-13'),
(5189, 'NC1119', 7544, '2023-02-04'),
(5190, 'NC1113', 6495, '2023-04-13'),
(5191, 'NC1111', 5729, '2023-05-10'),
(5192, 'NC1112', 6490, '2023-04-30'),
(5193, 'NC1117', 7263, '2023-04-04'),
(5194, 'NC1117', 5571, '2023-04-08'),
(5195, 'NC1117', 7824, '2023-02-01'),
(5196, 'NC1111', 6081, '2023-03-22'),
(5197, 'NC1111', 7313, '2023-02-17'),
(5198, 'NC1117', 8669, '2023-02-13'),
(5199, 'NC1118', 8430, '2023-03-05'),
(5200, 'NC1111', 7281, '2023-04-14'),
(5201, 'NC1114', 9535, '2023-04-29'),
(5202, 'NC1116', 9772, '2023-03-11'),
(5203, 'NC1112', 8634, '2023-02-26'),
(5204, 'NC1119', 6569, '2023-02-06'),
(5205, 'NC1116', 8752, '2023-04-14'),
(5206, 'NC1111', 6071, '2023-02-28'),
(5207, 'NC1117', 9949, '2023-04-28'),
(5208, 'NC1117', 6858, '2023-02-28'),
(5209, 'NC1116', 6745, '2023-04-25'),
(5210, 'NC1114', 7935, '2023-05-06'),
(5211, 'NC1116', 8964, '2023-03-04'),
(5212, 'NC1118', 9889, '2023-02-13'),
(5213, 'NC1119', 7470, '2023-02-24'),
(5214, 'NC1113', 6428, '2023-04-16'),
(5215, 'NC1119', 9055, '2023-05-06'),
(5216, 'NC1117', 5694, '2023-03-28'),
(5217, 'NC1115', 7419, '2023-04-05'),
(5218, 'NC1115', 6805, '2023-04-05'),
(5219, 'NC1113', 6855, '2023-03-15'),
(5220, 'NC1118', 5714, '2023-02-18'),
(5221, 'NC1113', 8217, '2023-05-12'),
(5222, 'NC1117', 9095, '2023-03-26'),
(5223, 'NC1117', 9611, '2023-03-12'),
(5224, 'NC1117', 5363, '2023-05-05'),
(5225, 'NC1112', 8785, '2023-03-19'),
(5226, 'NC1117', 9767, '2023-03-13'),
(5227, 'NC1114', 7807, '2023-05-04'),
(5228, 'NC1119', 9335, '2023-02-11'),
(5229, 'NC1117', 5577, '2023-05-08'),
(5230, 'NC1117', 8539, '2023-03-29'),
(5231, 'NC1114', 9332, '2023-02-16'),
(5232, 'NC1119', 9280, '2023-03-27'),
(5233, 'NC1111', 8852, '2023-03-04'),
(5234, 'NC1116', 5839, '2023-05-05'),
(5235, 'NC1111', 7838, '2023-05-07'),
(5236, 'NC1117', 8858, '2023-03-13'),
(5237, 'NC1114', 8471, '2023-02-22'),
(5238, 'NC1114', 7179, '2023-04-25'),
(5239, 'NC1112', 9881, '2023-02-15'),
(5240, 'NC1119', 8938, '2023-03-12'),
(5241, 'NC1111', 8976, '2023-03-25'),
(5242, 'NC1116', 9625, '2023-02-16'),
(5243, 'NC1111', 8108, '2023-04-15'),
(5244, 'NC1117', 5938, '2023-02-12'),
(5245, 'NC1112', 8772, '2023-03-29'),
(5246, 'NC1119', 8987, '2023-03-10'),
(5247, 'NC1112', 5960, '2023-03-12'),
(5248, 'NC1119', 9844, '2023-03-11'),
(5249, 'NC1119', 8590, '2023-02-27'),
(5250, 'NC1119', 8226, '2023-04-24'),
(5251, 'NC1112', 9682, '2023-02-01'),
(5252, 'NC1117', 5648, '2023-05-10'),
(5253, 'NC1116', 7162, '2023-04-16'),
(5254, 'NC1111', 5044, '2023-03-16'),
(5255, 'NC1117', 8168, '2023-04-09'),
(5256, 'NC1112', 5064, '2023-04-01'),
(5257, 'NC1111', 7859, '2023-02-21'),
(5258, 'NC1111', 6733, '2023-04-27'),
(5259, 'NC1114', 8695, '2023-03-11'),
(5260, 'NC1116', 5327, '2023-02-14'),
(5261, 'NC1119', 9030, '2023-02-05'),
(5262, 'NC1117', 6206, '2023-04-25'),
(5263, 'NC1116', 8354, '2023-03-18'),
(5264, 'NC1115', 5277, '2023-03-15'),
(5265, 'NC1119', 9128, '2023-04-17'),
(5266, 'NC1118', 5815, '2023-04-11'),
(5267, 'NC1117', 6089, '2023-04-12'),
(5268, 'NC1115', 6523, '2023-03-30'),
(5269, 'NC1113', 9680, '2023-03-18'),
(5270, 'NC1115', 6248, '2023-03-25'),
(5271, 'NC1114', 8320, '2023-04-11'),
(5272, 'NC1111', 6407, '2023-03-02'),
(5273, 'NC1112', 8990, '2023-02-16'),
(5274, 'NC1112', 7125, '2023-02-07'),
(5275, 'NC1117', 7134, '2023-04-07'),
(5276, 'NC1116', 8284, '2023-04-20'),
(5277, 'NC1115', 9124, '2023-02-13'),
(5278, 'NC1115', 8541, '2023-04-28'),
(5279, 'NC1115', 9897, '2023-03-19'),
(5280, 'NC1115', 6021, '2023-04-08'),
(5281, 'NC1113', 9677, '2023-03-22'),
(5282, 'NC1115', 6624, '2023-02-07'),
(5283, 'NC1111', 9892, '2023-03-21'),
(5284, 'NC1117', 5198, '2023-04-17'),
(5285, 'NC1115', 5777, '2023-03-31'),
(5286, 'NC1112', 8722, '2023-04-06'),
(5287, 'NC1112', 5577, '2023-02-21'),
(5288, 'NC1116', 9748, '2023-03-21'),
(5289, 'NC1116', 5833, '2023-02-23'),
(5290, 'NC1118', 6669, '2023-04-12'),
(5291, 'NC1119', 9616, '2023-02-16'),
(5292, 'NC1113', 9306, '2023-05-14'),
(5293, 'NC1119', 9499, '2023-03-19'),
(5294, 'NC1111', 5057, '2023-05-04'),
(5295, 'NC1117', 9488, '2023-02-21'),
(5296, 'NC1118', 8697, '2023-05-14'),
(5297, 'NC1116', 9615, '2023-02-11'),
(5298, 'NC1116', 6862, '2023-02-23'),
(5299, 'NC1111', 9062, '2023-02-08'),
(5300, 'NC1118', 5220, '2023-05-09'),
(5301, 'NC1119', 7284, '2023-04-22'),
(5302, 'NC1116', 5560, '2023-05-06'),
(5303, 'NC1115', 6203, '2023-02-23'),
(5304, 'NC1115', 8626, '2023-03-17'),
(5305, 'NC1115', 6856, '2023-03-01'),
(5306, 'NC1119', 9379, '2023-02-10'),
(5307, 'NC1116', 6167, '2023-05-07'),
(5308, 'NC1118', 6203, '2023-04-03'),
(5309, 'NC1116', 7864, '2023-03-03'),
(5310, 'NC1115', 8107, '2023-04-15'),
(5311, 'NC1118', 8797, '2023-04-02'),
(5312, 'NC1119', 7268, '2023-03-22'),
(5313, 'NC1115', 5367, '2023-04-01'),
(5314, 'NC1112', 8720, '2023-03-22'),
(5315, 'NC1116', 8624, '2023-04-23'),
(5316, 'NC1113', 5653, '2023-02-13'),
(5317, 'NC1112', 6690, '2023-04-03'),
(5318, 'NC1119', 8346, '2023-03-22'),
(5319, 'NC1119', 5273, '2023-04-22'),
(5320, 'NC1111', 9239, '2023-04-21'),
(5321, 'NC1111', 8584, '2023-02-25'),
(5322, 'NC1118', 9022, '2023-02-22'),
(5323, 'NC1112', 9125, '2023-03-30'),
(5324, 'NC1111', 6909, '2023-04-29'),
(5325, 'NC1116', 8920, '2023-03-26'),
(5326, 'NC1111', 5269, '2023-03-26'),
(5327, 'NC1116', 5668, '2023-03-11'),
(5328, 'NC1111', 7217, '2023-05-13'),
(5329, 'NC1113', 5262, '2023-05-07'),
(5330, 'NC1119', 6141, '2023-04-08'),
(5331, 'NC1118', 9580, '2023-03-08'),
(5332, 'NC1119', 7013, '2023-05-03'),
(5333, 'NC1111', 6350, '2023-04-18'),
(5334, 'NC1117', 7597, '2023-03-01'),
(5335, 'NC1113', 5037, '2023-04-18'),
(5336, 'NC1116', 8704, '2023-03-17'),
(5337, 'NC1111', 8020, '2023-05-02'),
(5338, 'NC1116', 6137, '2023-03-03'),
(5339, 'NC1111', 5803, '2023-04-11'),
(5340, 'NC1114', 6586, '2023-02-09'),
(5341, 'NC1113', 6026, '2023-02-25'),
(5342, 'NC1113', 8606, '2023-04-15'),
(5343, 'NC1118', 8338, '2023-04-28'),
(5344, 'NC1114', 7146, '2023-02-25'),
(5345, 'NC1113', 6851, '2023-05-11'),
(5346, 'NC1115', 9266, '2023-05-06'),
(5347, 'NC1115', 8146, '2023-04-29'),
(5348, 'NC1115', 6627, '2023-04-03'),
(5349, 'NC1115', 6638, '2023-04-05'),
(5350, 'NC1115', 8107, '2023-04-03'),
(5351, 'NC1114', 8043, '2023-02-09'),
(5352, 'NC1118', 7628, '2023-03-26'),
(5353, 'NC1116', 5747, '2023-02-25'),
(5354, 'NC1118', 7785, '2023-04-28'),
(5355, 'NC1111', 6324, '2023-04-06'),
(5356, 'NC1116', 9535, '2023-03-01'),
(5357, 'NC1111', 7016, '2023-03-20'),
(5358, 'NC1116', 9625, '2023-03-08'),
(5359, 'NC1111', 9821, '2023-03-15'),
(5360, 'NC1115', 8397, '2023-04-01'),
(5361, 'NC1115', 6565, '2023-05-13'),
(5362, 'NC1114', 7193, '2023-02-03'),
(5363, 'NC1114', 9365, '2023-02-27'),
(5364, 'NC1118', 7685, '2023-04-28'),
(5365, 'NC1112', 6688, '2023-04-18'),
(5366, 'NC1116', 6571, '2023-03-29'),
(5367, 'NC1111', 7888, '2023-03-10'),
(5368, 'NC1112', 5362, '2023-05-14'),
(5369, 'NC1111', 5371, '2023-03-14'),
(5370, 'NC1111', 6642, '2023-03-11');
INSERT INTO `daily_bus_revenue` (`id`, `bus_no`, `revenue`, `date`) VALUES
(5371, 'NC1114', 6620, '2023-02-07'),
(5372, 'NC1114', 8236, '2023-05-02'),
(5373, 'NC1113', 9989, '2023-02-01'),
(5374, 'NC1112', 5603, '2023-04-30'),
(5375, 'NC1116', 5563, '2023-03-22'),
(5376, 'NC1114', 9020, '2023-04-02'),
(5377, 'NC1116', 7132, '2023-02-04'),
(5378, 'NC1115', 8846, '2023-05-11'),
(5379, 'NC1111', 9001, '2023-02-12'),
(5380, 'NC1112', 6317, '2023-02-17'),
(5381, 'NC1119', 8115, '2023-02-07'),
(5382, 'NC1115', 5416, '2023-05-05'),
(5383, 'NC1115', 7273, '2023-02-13'),
(5384, 'NC1114', 6115, '2023-05-03'),
(5385, 'NC1112', 9633, '2023-02-26'),
(5386, 'NC1117', 5086, '2023-04-11'),
(5387, 'NC1114', 9066, '2023-02-27'),
(5388, 'NC1119', 6638, '2023-04-20'),
(5389, 'NC1112', 9597, '2023-05-15'),
(5390, 'NC1118', 7392, '2023-04-06'),
(5391, 'NC1111', 8342, '2023-02-05'),
(5392, 'NC1116', 7040, '2023-03-22'),
(5393, 'NC1117', 8470, '2023-03-24'),
(5394, 'NC1116', 6104, '2023-03-22'),
(5395, 'NC1118', 9268, '2023-05-05'),
(5396, 'NC1119', 5622, '2023-04-04'),
(5397, 'NC1112', 5992, '2023-03-14'),
(5398, 'NC1114', 7471, '2023-02-15'),
(5399, 'NC1119', 9201, '2023-04-16'),
(5400, 'NC1111', 6388, '2023-02-06'),
(5401, 'NC1117', 7639, '2023-03-03'),
(5402, 'NC1112', 7264, '2023-05-07'),
(5403, 'NC1119', 9836, '2023-03-14'),
(5404, 'NC1116', 9187, '2023-03-29'),
(5405, 'NC1111', 9524, '2023-03-16'),
(5406, 'NC1113', 5026, '2023-03-09'),
(5407, 'NC1119', 9915, '2023-02-28'),
(5408, 'NC1112', 7776, '2023-02-15'),
(5409, 'NC1112', 7435, '2023-05-15'),
(5410, 'NC1119', 7910, '2023-03-03'),
(5411, 'NC1116', 8634, '2023-04-09'),
(5412, 'NC1113', 5769, '2023-04-07'),
(5413, 'NC1118', 7741, '2023-02-02'),
(5414, 'NC1115', 9993, '2023-03-10'),
(5415, 'NC1117', 9539, '2023-03-08'),
(5416, 'NC1111', 6872, '2023-05-02'),
(5417, 'NC1111', 9782, '2023-04-10'),
(5418, 'NC1117', 5585, '2023-02-10'),
(5419, 'NC1113', 7772, '2023-03-17'),
(5420, 'NC1112', 8098, '2023-03-30'),
(5421, 'NC1114', 9012, '2023-03-07'),
(5422, 'NC1117', 5104, '2023-03-11'),
(5423, 'NC1117', 8229, '2023-04-03'),
(5424, 'NC1116', 5157, '2023-04-24'),
(5425, 'NC1118', 8200, '2023-04-22'),
(5426, 'NC1119', 9909, '2023-02-18'),
(5427, 'NC1119', 8784, '2023-03-14'),
(5428, 'NC1118', 8206, '2023-04-11'),
(5429, 'NC1118', 7149, '2023-04-02'),
(5430, 'NC1118', 9204, '2023-04-10'),
(5431, 'NC1116', 9232, '2023-02-02'),
(5432, 'NC1118', 9186, '2023-03-01'),
(5433, 'NC1112', 5927, '2023-02-14'),
(5434, 'NC1115', 8849, '2023-05-14'),
(5435, 'NC1117', 9047, '2023-02-09'),
(5436, 'NC1118', 5306, '2023-05-05'),
(5437, 'NC1118', 6387, '2023-03-20'),
(5438, 'NC1117', 7401, '2023-03-19'),
(5439, 'NC1116', 5861, '2023-04-09'),
(5440, 'NC1116', 8429, '2023-03-22'),
(5441, 'NC1117', 9378, '2023-05-05'),
(5442, 'NC1116', 7888, '2023-05-14'),
(5443, 'NC1114', 7063, '2023-03-09'),
(5444, 'NC1114', 6213, '2023-04-12'),
(5445, 'NC1115', 7230, '2023-04-02'),
(5446, 'NC1114', 6630, '2023-05-05'),
(5447, 'NC1116', 5982, '2023-03-03'),
(5448, 'NC1112', 6759, '2023-03-30'),
(5449, 'NC1116', 8456, '2023-02-22'),
(5450, 'NC1111', 5242, '2023-04-20'),
(5451, 'NC1113', 9000, '2023-05-08'),
(5452, 'NC1116', 7594, '2023-03-23'),
(5453, 'NC1119', 7319, '2023-03-11'),
(5454, 'NC1115', 5536, '2023-04-24'),
(5455, 'NC1112', 7101, '2023-03-26'),
(5456, 'NC1118', 7156, '2023-02-26'),
(5457, 'NC1113', 7854, '2023-04-09'),
(5458, 'NC1113', 6438, '2023-03-02'),
(5459, 'NC1112', 9046, '2023-03-05'),
(5460, 'NC1114', 7811, '2023-05-09'),
(5461, 'NC1114', 6435, '2023-05-02'),
(5462, 'NC1113', 9345, '2023-05-11'),
(5463, 'NC1117', 9022, '2023-02-24'),
(5464, 'NC1111', 9632, '2023-04-26'),
(5465, 'NC1111', 6830, '2023-04-24'),
(5466, 'NC1119', 7730, '2023-03-13'),
(5467, 'NC1116', 7699, '2023-03-31'),
(5468, 'NC1113', 5298, '2023-03-28'),
(5469, 'NC1115', 9229, '2023-03-22'),
(5470, 'NC1117', 7271, '2023-04-08'),
(5471, 'NC1118', 7694, '2023-02-21'),
(5472, 'NC1119', 8237, '2023-02-10'),
(5473, 'NC1119', 5832, '2023-03-27'),
(5474, 'NC1115', 5131, '2023-02-13'),
(5475, 'NC1111', 7367, '2023-03-02'),
(5476, 'NC1113', 7475, '2023-04-26'),
(5477, 'NC1114', 9777, '2023-04-21'),
(5478, 'NC1118', 5621, '2023-04-24'),
(5479, 'NC1117', 6612, '2023-04-06'),
(5480, 'NC1113', 8932, '2023-04-19'),
(5481, 'NC1111', 7249, '2023-04-27'),
(5482, 'NC1119', 9616, '2023-02-15'),
(5483, 'NC1113', 6759, '2023-03-03'),
(5484, 'NC1118', 9167, '2023-02-02'),
(5485, 'NC1119', 5175, '2023-02-17'),
(5486, 'NC1112', 9185, '2023-03-11'),
(5487, 'NC1113', 7825, '2023-03-31'),
(5488, 'NC1111', 9709, '2023-04-24'),
(5489, 'NC1115', 8280, '2023-04-01'),
(5490, 'NC1117', 9521, '2023-03-05'),
(5491, 'NC1117', 6337, '2023-05-08'),
(5492, 'NC1115', 6080, '2023-04-15'),
(5493, 'NC1116', 8245, '2023-04-01'),
(5494, 'NC1119', 6257, '2023-02-19'),
(5495, 'NC1114', 9981, '2023-05-05'),
(5496, 'NC1115', 5539, '2023-03-23'),
(5497, 'NC1112', 8316, '2023-02-06'),
(5498, 'NC1119', 8977, '2023-03-13'),
(5499, 'NC1114', 8092, '2023-04-21'),
(5500, 'NC1111', 6379, '2023-02-21'),
(5501, 'NC1119', 8295, '2023-02-16'),
(5502, 'NC1113', 7026, '2023-03-21'),
(5503, 'NC1111', 8424, '2023-04-28'),
(5504, 'NC1111', 6485, '2023-05-13'),
(5505, 'NC1112', 8334, '2023-05-02'),
(5506, 'NC1116', 9423, '2023-04-01'),
(5507, 'NC1111', 9403, '2023-02-24'),
(5508, 'NC1112', 9969, '2023-02-21'),
(5509, 'NC1113', 7184, '2023-03-08'),
(5510, 'NC1111', 9378, '2023-02-12'),
(5511, 'NC1117', 9521, '2023-02-12'),
(5512, 'NC1117', 9705, '2023-02-22'),
(5513, 'NC1118', 6670, '2023-03-04'),
(5514, 'NC1118', 7053, '2023-03-10'),
(5515, 'NC1112', 7806, '2023-02-01'),
(5516, 'NC1116', 7413, '2023-02-22'),
(5517, 'NC1116', 6386, '2023-03-16'),
(5518, 'NC1116', 8322, '2023-04-29'),
(5519, 'NC1115', 9897, '2023-05-10'),
(5520, 'NC1118', 7372, '2023-02-07'),
(5521, 'NC1114', 7820, '2023-02-01'),
(5522, 'NC1116', 7221, '2023-04-28'),
(5523, 'NC1115', 6458, '2023-02-11'),
(5524, 'NC1118', 5073, '2023-05-05'),
(5525, 'NC1114', 9991, '2023-02-17'),
(5526, 'NC1111', 6022, '2023-03-01'),
(5527, 'NC1112', 6224, '2023-02-22'),
(5528, 'NC1115', 5864, '2023-04-20'),
(5529, 'NC1119', 6469, '2023-03-08'),
(5530, 'NC1117', 9422, '2023-03-09'),
(5531, 'NC1118', 6758, '2023-02-17'),
(5532, 'NC1119', 7018, '2023-03-23'),
(5533, 'NC1116', 5892, '2023-05-08'),
(5534, 'NC1114', 5977, '2023-04-05'),
(5535, 'NC1115', 9045, '2023-04-13'),
(5536, 'NC1117', 6088, '2023-03-22'),
(5537, 'NC1115', 5489, '2023-04-25'),
(5538, 'NC1114', 5483, '2023-03-06'),
(5539, 'NC1115', 7767, '2023-04-07'),
(5540, 'NC1117', 6464, '2023-02-09'),
(5541, 'NC1113', 7092, '2023-03-17'),
(5542, 'NC1118', 5344, '2023-04-25'),
(5543, 'NC1118', 8420, '2023-04-10'),
(5544, 'NC1112', 5355, '2023-03-15'),
(5545, 'NC1117', 9717, '2023-04-10'),
(5546, 'NC1112', 9025, '2023-05-06'),
(5547, 'NC1111', 9132, '2023-02-04'),
(5548, 'NC1117', 8373, '2023-03-22'),
(5549, 'NC1111', 9539, '2023-02-21'),
(5550, 'NC1112', 6440, '2023-03-02'),
(5551, 'NC1111', 5555, '2023-02-10'),
(5552, 'NC1116', 6697, '2023-04-30'),
(5553, 'NC1112', 7720, '2023-02-06'),
(5554, 'NC1119', 7289, '2023-04-27'),
(5555, 'NC1113', 8064, '2023-04-28'),
(5556, 'NC1117', 7518, '2023-05-06'),
(5557, 'NC1111', 8527, '2023-04-25'),
(5558, 'NC1116', 5494, '2023-02-26'),
(5559, 'NC1117', 6214, '2023-04-06'),
(5560, 'NC1115', 7922, '2023-03-19'),
(5561, 'NC1116', 5266, '2023-02-22'),
(5562, 'NC1115', 5765, '2023-04-16'),
(5563, 'NC1117', 6461, '2023-04-15'),
(5564, 'NC1117', 5029, '2023-04-14'),
(5565, 'NC1114', 9212, '2023-02-16'),
(5566, 'NC1112', 8987, '2023-03-18'),
(5567, 'NC1117', 5369, '2023-04-01'),
(5568, 'NC1111', 8450, '2023-02-21'),
(5569, 'NC1114', 5213, '2023-03-07'),
(5570, 'NC1116', 5412, '2023-02-21'),
(5571, 'NC1113', 5816, '2023-04-23'),
(5572, 'NC1118', 8605, '2023-02-21'),
(5573, 'NC1111', 6797, '2023-04-25'),
(5574, 'NC1118', 5749, '2023-02-10'),
(5575, 'NC1113', 7508, '2023-02-22'),
(5576, 'NC1115', 9258, '2023-03-04'),
(5577, 'NC1111', 7107, '2023-03-06'),
(5578, 'NC1119', 7138, '2023-04-25'),
(5579, 'NC1112', 5803, '2023-04-22'),
(5580, 'NC1115', 8538, '2023-02-10'),
(5581, 'NC1116', 5597, '2023-05-05'),
(5582, 'NC1119', 6216, '2023-04-05'),
(5583, 'NC1112', 8571, '2023-02-20'),
(5584, 'NC1116', 7606, '2023-02-18'),
(5585, 'NC1118', 5441, '2023-02-12'),
(5586, 'NC1114', 6818, '2023-02-26'),
(5587, 'NC1114', 9707, '2023-02-27'),
(5588, 'NC1112', 9392, '2023-03-07'),
(5589, 'NC1114', 7846, '2023-02-01'),
(5590, 'NC1118', 8956, '2023-02-18'),
(5591, 'NC1115', 6686, '2023-04-25'),
(5592, 'NC1118', 5133, '2023-05-07'),
(5593, 'NC1115', 7409, '2023-04-15'),
(5594, 'NC1115', 9807, '2023-02-04'),
(5595, 'NC1117', 9691, '2023-05-06'),
(5596, 'NC1111', 7962, '2023-04-07'),
(5597, 'NC1118', 6396, '2023-02-18'),
(5598, 'NC1113', 8735, '2023-04-18'),
(5599, 'NC1111', 9329, '2023-03-26'),
(5600, 'NC1117', 9962, '2023-04-07'),
(5601, 'NC1117', 5678, '2023-02-21'),
(5602, 'NC1118', 6182, '2023-03-23'),
(5603, 'NC1115', 6241, '2023-03-29'),
(5604, 'NC1111', 9865, '2023-03-31'),
(5605, 'NC1118', 9653, '2023-03-12'),
(5606, 'NC1118', 9008, '2023-02-10'),
(5607, 'NC1117', 7843, '2023-04-21'),
(5608, 'NC1119', 8216, '2023-02-01'),
(5609, 'NC1116', 8066, '2023-03-16'),
(5610, 'NC1119', 9629, '2023-04-11'),
(5611, 'NC1117', 8583, '2023-05-04'),
(5612, 'NC1115', 7327, '2023-02-12'),
(5613, 'NC1119', 6492, '2023-04-21'),
(5614, 'NC1119', 9902, '2023-04-13'),
(5615, 'NC1119', 7727, '2023-03-09'),
(5616, 'NC1114', 5861, '2023-04-22'),
(5617, 'NC1113', 7690, '2023-03-10'),
(5618, 'NC1117', 8081, '2023-05-11'),
(5619, 'NC1117', 7273, '2023-02-21'),
(5620, 'NC1114', 8364, '2023-04-19'),
(5621, 'NC1117', 5297, '2023-03-18'),
(5622, 'NC1119', 7891, '2023-04-09'),
(5623, 'NC1114', 8771, '2023-05-10'),
(5624, 'NC1113', 6761, '2023-02-08'),
(5625, 'NC1116', 5971, '2023-04-23'),
(5626, 'NC1116', 5524, '2023-02-09'),
(5627, 'NC1119', 5791, '2023-03-22'),
(5628, 'NC1114', 8716, '2023-04-12'),
(5629, 'NC1115', 9935, '2023-03-29'),
(5630, 'NC1115', 6865, '2023-05-08'),
(5631, 'NC1116', 7517, '2023-04-25'),
(5632, 'NC1119', 9426, '2023-02-15'),
(5633, 'NC1118', 5265, '2023-03-19'),
(5634, 'NC1115', 6977, '2023-02-25'),
(5635, 'NC1116', 6977, '2023-03-09'),
(5636, 'NC1118', 5176, '2023-02-08'),
(5637, 'NC1117', 7235, '2023-03-03'),
(5638, 'NC1115', 6362, '2023-03-05'),
(5639, 'NC1119', 7862, '2023-04-19'),
(5640, 'NC1118', 6646, '2023-02-22'),
(5641, 'NC1119', 5389, '2023-02-14'),
(5642, 'NC1118', 8602, '2023-03-28'),
(5643, 'NC1114', 5484, '2023-03-14'),
(5644, 'NC1116', 6199, '2023-03-11'),
(5645, 'NC1117', 9421, '2023-02-10'),
(5646, 'NC1113', 5483, '2023-02-21'),
(5647, 'NC1118', 9524, '2023-05-01'),
(5648, 'NC1113', 9459, '2023-05-02'),
(5649, 'NC1114', 7557, '2023-03-29'),
(5650, 'NC1119', 6862, '2023-03-12'),
(5651, 'NC1119', 5961, '2023-02-08'),
(5652, 'NC1118', 5018, '2023-03-08'),
(5653, 'NC1112', 7954, '2023-04-27'),
(5654, 'NC1117', 5683, '2023-02-24'),
(5655, 'NC1114', 9593, '2023-04-01'),
(5656, 'NC1111', 8170, '2023-03-25'),
(5657, 'NC1112', 5972, '2023-02-27'),
(5658, 'NC1118', 8893, '2023-05-14'),
(5659, 'NC1117', 6514, '2023-02-02'),
(5660, 'NC1112', 9691, '2023-03-12'),
(5661, 'NC1112', 9575, '2023-04-17'),
(5662, 'NC1117', 5200, '2023-04-22'),
(5663, 'NC1115', 9952, '2023-02-04'),
(5664, 'NC1115', 8384, '2023-03-20'),
(5665, 'NC1116', 9014, '2023-05-11'),
(5666, 'NC1118', 6266, '2023-04-07'),
(5667, 'NC1115', 7783, '2023-02-25'),
(5668, 'NC1117', 7228, '2023-03-21'),
(5669, 'NC1115', 6532, '2023-04-05'),
(5670, 'NC1113', 8566, '2023-03-22'),
(5671, 'NC1112', 5776, '2023-02-28'),
(5672, 'NC1119', 9943, '2023-03-08'),
(5673, 'NC1114', 7967, '2023-05-11'),
(5674, 'NC1118', 6160, '2023-03-25'),
(5675, 'NC1111', 6832, '2023-02-07'),
(5676, 'NC1118', 5376, '2023-04-04'),
(5677, 'NC1116', 6256, '2023-05-12'),
(5678, 'NC1118', 6009, '2023-03-17'),
(5679, 'NC1113', 9237, '2023-04-17'),
(5680, 'NC1119', 5785, '2023-05-12'),
(5681, 'NC1113', 7218, '2023-04-17'),
(5682, 'NC1111', 5632, '2023-03-26'),
(5683, 'NC1111', 6188, '2023-04-08'),
(5684, 'NC1112', 6550, '2023-05-04'),
(5685, 'NC1112', 8738, '2023-04-20'),
(5686, 'NC1115', 6129, '2023-04-01'),
(5687, 'NC1116', 9006, '2023-04-01'),
(5688, 'NC1116', 8503, '2023-03-02'),
(5689, 'NC1118', 5167, '2023-03-28'),
(5690, 'NC1119', 9134, '2023-04-12'),
(5691, 'NC1111', 8914, '2023-02-13'),
(5692, 'NC1114', 5318, '2023-02-20'),
(5693, 'NC1111', 9763, '2023-03-22'),
(5694, 'NC1118', 8845, '2023-05-08'),
(5695, 'NC1112', 5609, '2023-03-31'),
(5696, 'NC1115', 7461, '2023-03-17'),
(5697, 'NC1118', 6538, '2023-04-29'),
(5698, 'NC1118', 5063, '2023-02-28'),
(5699, 'NC1112', 5709, '2023-04-08'),
(5700, 'NC1116', 7275, '2023-04-14'),
(5701, 'NC1116', 8279, '2023-04-27'),
(5702, 'NC1117', 8172, '2023-03-25'),
(5703, 'NC1113', 8312, '2023-04-18'),
(5704, 'NC1118', 8742, '2023-03-24'),
(5705, 'NC1111', 5644, '2023-03-03'),
(5706, 'NC1111', 6245, '2023-03-23'),
(5707, 'NC1115', 5493, '2023-02-24'),
(5708, 'NC1113', 9950, '2023-04-15'),
(5709, 'NC1118', 7845, '2023-04-20'),
(5710, 'NC1115', 8547, '2023-02-15'),
(5711, 'NC1115', 7793, '2023-03-04'),
(5712, 'NC1118', 9463, '2023-04-02'),
(5713, 'NC1119', 9752, '2023-03-10'),
(5714, 'NC1112', 5981, '2023-05-12'),
(5715, 'NC1119', 7169, '2023-05-08'),
(5716, 'NC1113', 7356, '2023-03-04'),
(5717, 'NC1119', 8174, '2023-03-12'),
(5718, 'NC1112', 8654, '2023-03-06'),
(5719, 'NC1112', 6555, '2023-02-18'),
(5720, 'NC1114', 7088, '2023-04-09'),
(5721, 'NC1118', 6809, '2023-04-09'),
(5722, 'NC1111', 7131, '2023-03-05'),
(5723, 'NC1113', 7363, '2023-05-13'),
(5724, 'NC1117', 6690, '2023-02-18'),
(5725, 'NC1113', 8383, '2023-04-29'),
(5726, 'NC1112', 7770, '2023-04-25'),
(5727, 'NC1119', 7839, '2023-04-21'),
(5728, 'NC1113', 5210, '2023-04-30'),
(5729, 'NC1113', 9629, '2023-02-02'),
(5730, 'NC1111', 9390, '2023-04-06'),
(5731, 'NC1116', 5000, '2023-02-02'),
(5732, 'NC1116', 9481, '2023-03-07'),
(5733, 'NC1114', 6094, '2023-04-23'),
(5734, 'NC1115', 5510, '2023-04-01'),
(5735, 'NC1113', 9248, '2023-04-08'),
(5736, 'NC1112', 6669, '2023-02-10'),
(5737, 'NC1112', 6153, '2023-04-07'),
(5738, 'NC1119', 8415, '2023-04-18'),
(5739, 'NC1117', 9639, '2023-02-11'),
(5740, 'NC1118', 6794, '2023-04-18'),
(5741, 'NC1118', 6031, '2023-02-07'),
(5742, 'NC1111', 7337, '2023-04-17'),
(5743, 'NC1113', 9912, '2023-05-01'),
(5744, 'NC1119', 7013, '2023-02-12'),
(5745, 'NC1111', 5110, '2023-03-23'),
(5746, 'NC1119', 6875, '2023-05-06'),
(5747, 'NC1114', 6520, '2023-04-15'),
(5748, 'NC1113', 6941, '2023-04-26'),
(5749, 'NC1114', 7556, '2023-03-02'),
(5750, 'NC1119', 5975, '2023-05-10'),
(5751, 'NC1114', 6241, '2023-03-29'),
(5752, 'NC1116', 5604, '2023-04-15'),
(5753, 'NC1118', 7449, '2023-04-26'),
(5754, 'NC1113', 6100, '2023-05-08'),
(5755, 'NC1118', 7706, '2023-03-25'),
(5756, 'NC1118', 8401, '2023-04-12'),
(5757, 'NC1111', 8624, '2023-03-24'),
(5758, 'NC1115', 5456, '2023-05-01'),
(5759, 'NC1119', 7996, '2023-03-21'),
(5760, 'NC1114', 8164, '2023-02-10'),
(5761, 'NC1113', 5953, '2023-02-17'),
(5762, 'NC1111', 9865, '2023-05-13'),
(5763, 'NC1112', 9730, '2023-02-25'),
(5764, 'NC1114', 5273, '2023-04-23'),
(5765, 'NC1118', 9245, '2023-02-23'),
(5766, 'NC1115', 8213, '2023-03-23'),
(5767, 'NC1118', 9010, '2023-05-13'),
(5768, 'NC1115', 8664, '2023-05-01'),
(5769, 'NC1112', 7944, '2023-03-01'),
(5770, 'NC1114', 8523, '2023-05-04'),
(5771, 'NC1113', 7699, '2023-02-07'),
(5772, 'NC1115', 8457, '2023-04-17'),
(5773, 'NC1115', 6711, '2023-02-25'),
(5774, 'NC1113', 7788, '2023-04-28'),
(5775, 'NC1112', 6107, '2023-02-02'),
(5776, 'NC1111', 8887, '2023-04-04'),
(5777, 'NC1119', 6453, '2023-03-13'),
(5778, 'NC1118', 5292, '2023-05-01'),
(5779, 'NC1113', 9556, '2023-03-01'),
(5780, 'NC1113', 7883, '2023-02-05'),
(5781, 'NC1116', 6586, '2023-02-15'),
(5782, 'NC1113', 5883, '2023-05-08'),
(5783, 'NC1117', 6648, '2023-02-25'),
(5784, 'NC1119', 9652, '2023-02-21'),
(5785, 'NC1115', 5675, '2023-03-15'),
(5786, 'NC1118', 8070, '2023-04-20'),
(5787, 'NC1119', 7693, '2023-02-23'),
(5788, 'NC1114', 8721, '2023-04-17'),
(5789, 'NC1118', 8597, '2023-03-26'),
(5790, 'NC1116', 5344, '2023-02-11'),
(5791, 'NC1117', 5875, '2023-03-17'),
(5792, 'NC1119', 7299, '2023-03-09'),
(5793, 'NC1111', 8300, '2023-03-23'),
(5794, 'NC1116', 7021, '2023-04-01'),
(5795, 'NC1113', 8682, '2023-05-05'),
(5796, 'NC1117', 9027, '2023-04-10'),
(5797, 'NC1117', 7410, '2023-05-01'),
(5798, 'NC1118', 8675, '2023-03-29'),
(5799, 'NC1116', 5563, '2023-03-07'),
(5800, 'NC1112', 6726, '2023-04-17'),
(5801, 'NC1112', 7675, '2023-04-06'),
(5802, 'NC1119', 8650, '2023-03-07'),
(5803, 'NC1113', 5485, '2023-04-22'),
(5804, 'NC1113', 7866, '2023-02-27'),
(5805, 'NC1114', 7973, '2023-04-01'),
(5806, 'NC1114', 7544, '2023-05-08'),
(5807, 'NC1119', 5366, '2023-04-06'),
(5808, 'NC1119', 6301, '2023-04-22'),
(5809, 'NC1116', 7510, '2023-02-27'),
(5810, 'NC1111', 7326, '2023-03-08'),
(5811, 'NC1119', 7781, '2023-05-02'),
(5812, 'NC1114', 5380, '2023-02-16'),
(5813, 'NC1116', 6941, '2023-02-24'),
(5814, 'NC1117', 7327, '2023-03-09'),
(5815, 'NC1115', 6707, '2023-04-17'),
(5816, 'NC1113', 7432, '2023-02-26'),
(5817, 'NC1117', 9012, '2023-02-17'),
(5818, 'NC1118', 6424, '2023-03-15'),
(5819, 'NC1113', 5509, '2023-05-08'),
(5820, 'NC1115', 5945, '2023-04-01'),
(5821, 'NC1119', 6385, '2023-04-14'),
(5822, 'NC1111', 8236, '2023-04-11'),
(5823, 'NC1119', 8799, '2023-03-09'),
(5824, 'NC1116', 5653, '2023-03-19'),
(5825, 'NC1117', 6916, '2023-02-27'),
(5826, 'NC1112', 7491, '2023-02-22'),
(5827, 'NC1117', 7830, '2023-04-22'),
(5828, 'NC1118', 5583, '2023-04-01'),
(5829, 'NC1115', 5168, '2023-03-26'),
(5830, 'NC1117', 5838, '2023-03-27'),
(5831, 'NC1111', 9600, '2023-02-13'),
(5832, 'NC1117', 7103, '2023-02-17'),
(5833, 'NC1117', 7331, '2023-04-14'),
(5834, 'NC1115', 7614, '2023-02-11'),
(5835, 'NC1112', 5547, '2023-04-20'),
(5836, 'NC1113', 8531, '2023-05-14'),
(5837, 'NC1112', 8416, '2023-03-04'),
(5838, 'NC1119', 5092, '2023-03-31'),
(5839, 'NC1119', 7822, '2023-02-08'),
(5840, 'NC1111', 8332, '2023-03-15'),
(5841, 'NC1119', 8256, '2023-04-07'),
(5842, 'NC1116', 8069, '2023-04-04'),
(5843, 'NC1112', 8933, '2023-03-18'),
(5844, 'NC1118', 8011, '2023-04-22'),
(5845, 'NC1111', 9935, '2023-03-03'),
(5846, 'NC1113', 8749, '2023-04-12'),
(5847, 'NC1115', 6782, '2023-02-25'),
(5848, 'NC1114', 8549, '2023-05-02'),
(5849, 'NC1118', 6099, '2023-02-02'),
(5850, 'NC1117', 8263, '2023-04-21'),
(5851, 'NC1119', 7563, '2023-03-10'),
(5852, 'NC1118', 5512, '2023-05-14'),
(5853, 'NC1117', 7265, '2023-04-18'),
(5854, 'NC1112', 8189, '2023-03-23'),
(5855, 'NC1118', 5396, '2023-02-18'),
(5856, 'NC1112', 9738, '2023-03-20'),
(5857, 'NC1118', 8012, '2023-02-24'),
(5858, 'NC1117', 6611, '2023-05-12'),
(5859, 'NC1113', 7742, '2023-03-01'),
(5860, 'NC1118', 6350, '2023-04-09'),
(5861, 'NC1116', 5751, '2023-02-02'),
(5862, 'NC1111', 8978, '2023-02-05'),
(5863, 'NC1111', 6382, '2023-04-23'),
(5864, 'NC1112', 8348, '2023-02-06'),
(5865, 'NC1118', 5447, '2023-03-19'),
(5866, 'NC1115', 7101, '2023-02-24'),
(5867, 'NC1118', 8517, '2023-04-30'),
(5868, 'NC1118', 5306, '2023-03-27'),
(5869, 'NC1115', 8636, '2023-03-11'),
(5870, 'NC1113', 7909, '2023-03-13'),
(5871, 'NC1117', 9439, '2023-03-06'),
(5872, 'NC1119', 8149, '2023-04-04'),
(5873, 'NC1115', 9459, '2023-05-08'),
(5874, 'NC1118', 8340, '2023-05-04'),
(5875, 'NC1112', 6711, '2023-02-24'),
(5876, 'NC1117', 8241, '2023-04-25'),
(5877, 'NC1117', 5930, '2023-05-12'),
(5878, 'NC1115', 5068, '2023-04-25'),
(5879, 'NC1118', 9054, '2023-05-01'),
(5880, 'NC1115', 6187, '2023-02-25'),
(5881, 'NC1111', 5422, '2023-05-09'),
(5882, 'NC1113', 5843, '2023-03-01'),
(5883, 'NC1118', 9114, '2023-02-22'),
(5884, 'NC1113', 6611, '2023-04-26'),
(5885, 'NC1118', 8614, '2023-04-18'),
(5886, 'NC1116', 6938, '2023-05-08'),
(5887, 'NC1119', 9508, '2023-02-20'),
(5888, 'NC1116', 5024, '2023-04-23'),
(5889, 'NC1116', 8547, '2023-04-29'),
(5890, 'NC1114', 7210, '2023-02-10'),
(5891, 'NC1118', 5182, '2023-05-09'),
(5892, 'NC1117', 6947, '2023-05-01'),
(5893, 'NC1116', 9135, '2023-02-15'),
(5894, 'NC1118', 6661, '2023-03-12'),
(5895, 'NC1111', 7973, '2023-05-15'),
(5896, 'NC1118', 7365, '2023-04-27'),
(5897, 'NC1118', 7749, '2023-02-12'),
(5898, 'NC1115', 8238, '2023-05-02'),
(5899, 'NC1118', 7343, '2023-02-11'),
(5900, 'NC1117', 6839, '2023-04-04'),
(5901, 'NC1111', 5961, '2023-04-27'),
(5902, 'NC1111', 7650, '2023-04-05'),
(5903, 'NC1114', 9614, '2023-02-06'),
(5904, 'NC1111', 5590, '2023-03-18'),
(5905, 'NC1118', 7654, '2023-04-12'),
(5906, 'NC1113', 8138, '2023-05-14'),
(5907, 'NC1112', 9361, '2023-03-30'),
(5908, 'NC1113', 7645, '2023-04-24'),
(5909, 'NC1113', 6427, '2023-04-15'),
(5910, 'NC1116', 9848, '2023-04-01'),
(5911, 'NC1119', 9916, '2023-04-09'),
(5912, 'NC1111', 9880, '2023-03-20'),
(5913, 'NC1116', 5921, '2023-04-08'),
(5914, 'NC1118', 8864, '2023-05-13'),
(5915, 'NC1112', 7698, '2023-04-07'),
(5916, 'NC1114', 8601, '2023-03-27'),
(5917, 'NC1117', 7821, '2023-03-06'),
(5918, 'NC1117', 9159, '2023-04-23'),
(5919, 'NC1118', 5402, '2023-04-27'),
(5920, 'NC1116', 7421, '2023-03-14'),
(5921, 'NC1112', 6574, '2023-04-14'),
(5922, 'NC1118', 5328, '2023-02-28'),
(5923, 'NC1117', 7047, '2023-03-06'),
(5924, 'NC1118', 7435, '2023-03-03'),
(5925, 'NC1119', 7854, '2023-02-22'),
(5926, 'NC1114', 5248, '2023-03-03'),
(5927, 'NC1112', 8278, '2023-04-27'),
(5928, 'NC1117', 6103, '2023-04-18'),
(5929, 'NC1114', 5078, '2023-04-21'),
(5930, 'NC1111', 7947, '2023-03-04'),
(5931, 'NC1118', 7982, '2023-03-20'),
(5932, 'NC1112', 7058, '2023-02-09'),
(5933, 'NC1115', 5093, '2023-04-29'),
(5934, 'NC1117', 6523, '2023-02-19'),
(5935, 'NC1112', 8400, '2023-02-28'),
(5936, 'NC1117', 8913, '2023-02-13'),
(5937, 'NC1114', 7749, '2023-04-09'),
(5938, 'NC1111', 9874, '2023-04-23'),
(5939, 'NC1117', 8348, '2023-04-17'),
(5940, 'NC1118', 6464, '2023-02-25'),
(5941, 'NC1118', 5278, '2023-04-04'),
(5942, 'NC1114', 6508, '2023-04-18'),
(5943, 'NC1116', 7987, '2023-03-24'),
(5944, 'NC1112', 7284, '2023-04-04'),
(5945, 'NC1116', 7794, '2023-03-24'),
(5946, 'NC1117', 9962, '2023-04-15'),
(5947, 'NC1116', 5629, '2023-03-09'),
(5948, 'NC1113', 6963, '2023-02-15'),
(5949, 'NC1118', 8038, '2023-04-28'),
(5950, 'NC1118', 5427, '2023-04-10'),
(5951, 'NC1114', 5617, '2023-02-15'),
(5952, 'NC1111', 5863, '2023-04-26'),
(5953, 'NC1118', 5155, '2023-03-14'),
(5954, 'NC1115', 8486, '2023-04-21'),
(5955, 'NC1111', 6958, '2023-04-10'),
(5956, 'NC1115', 8979, '2023-03-15'),
(5957, 'NC1115', 6435, '2023-02-07'),
(5958, 'NC1115', 8502, '2023-05-01'),
(5959, 'NC1112', 8206, '2023-02-28'),
(5960, 'NC1111', 5096, '2023-04-12'),
(5961, 'NC1115', 6904, '2023-04-04'),
(5962, 'NC1118', 6396, '2023-02-27'),
(5963, 'NC1119', 5421, '2023-02-28'),
(5964, 'NC1119', 6862, '2023-04-23'),
(5965, 'NC1116', 9162, '2023-05-15'),
(5966, 'NC1117', 8234, '2023-04-10'),
(5967, 'NC1113', 6856, '2023-02-16'),
(5968, 'NC1117', 8571, '2023-04-06'),
(5969, 'NC1114', 7822, '2023-02-07'),
(5970, 'NC1114', 6790, '2023-02-04'),
(5971, 'NC1116', 7171, '2023-04-18'),
(5972, 'NC1112', 9875, '2023-05-08'),
(5973, 'NC1113', 8577, '2023-04-24'),
(5974, 'NC1114', 7760, '2023-02-24'),
(5975, 'NC1115', 7518, '2023-03-04'),
(5976, 'NC1111', 6566, '2023-02-19'),
(5977, 'NC1112', 6282, '2023-04-08'),
(5978, 'NC1119', 9637, '2023-02-27'),
(5979, 'NC1114', 7698, '2023-02-12'),
(5980, 'NC1118', 5721, '2023-03-31');

-- --------------------------------------------------------

--
-- Table structure for table `driver`
--

DROP TABLE IF EXISTS `driver`;
CREATE TABLE IF NOT EXISTS `driver` (
  `username` varchar(50) NOT NULL,
  `name` varchar(100) DEFAULT NULL,
  `phone` char(10) DEFAULT NULL,
  `address` text,
  `licence_no` char(8) DEFAULT NULL,
  `assigned_bus` char(6) DEFAULT NULL,
  `date_of_birth` date DEFAULT NULL,
  `rating` float NOT NULL DEFAULT '0',
  `no_of_reviews` int NOT NULL DEFAULT '0',
  PRIMARY KEY (`username`)
) ENGINE=InnoDB DEFAULT CHARSET=utf8mb4 COLLATE=utf8mb4_0900_ai_ci;

--
-- Dumping data for table `driver`
--

INSERT INTO `driver` (`username`, `name`, `phone`, `address`, `licence_no`, `assigned_bus`, `date_of_birth`, `rating`, `no_of_reviews`) VALUES
('driver1', 'Saman Perera', '0771234567', 'Colombo, Sri Lanka', NULL, NULL, NULL, 3, 6),
('driver10', NULL, NULL, NULL, 'B123669', NULL, NULL, 0, 0),
('driver2', NULL, NULL, NULL, NULL, NULL, NULL, 2.99998, 4),
('driver3', NULL, NULL, NULL, NULL, NULL, NULL, 4, 2),
('driver4', NULL, NULL, NULL, NULL, NULL, NULL, 3, 4),
('driver5', NULL, NULL, NULL, NULL, NULL, NULL, 5, 1),
('driver6', NULL, NULL, NULL, NULL, NULL, NULL, 5, 1),
('driver7', NULL, NULL, NULL, NULL, NULL, NULL, 5, 1),
('driver8', NULL, NULL, NULL, NULL, NULL, NULL, 5, 1),
('driver9', NULL, NULL, NULL, NULL, NULL, NULL, 5, 1),
('nalindriver', NULL, NULL, NULL, 'B669678', NULL, NULL, 0, 0);

-- --------------------------------------------------------

--
-- Table structure for table `e_ticket`
--

DROP TABLE IF EXISTS `e_ticket`;
CREATE TABLE IF NOT EXISTS `e_ticket` (
  `id` int NOT NULL AUTO_INCREMENT,
  `passenger` varchar(50) NOT NULL,
  `trip_id` int NOT NULL,
  `departure_time` time DEFAULT NULL,
  `arrival_time` time DEFAULT NULL,
  `seat_number` int DEFAULT NULL,
  `seats_reserved` varchar(30) DEFAULT NULL,
  `ticket_number` char(10) DEFAULT NULL,
  `source_halt` varchar(50) NOT NULL,
  `dest_halt` varchar(50) NOT NULL,
  `booking_time` timestamp NOT NULL DEFAULT CURRENT_TIMESTAMP,
  `passenger_count` int NOT NULL DEFAULT '1',
  `price` int NOT NULL DEFAULT '0',
  `payment_method` enum('cash','points') NOT NULL DEFAULT 'points',
  `status` enum('booked','collected','used','expired') NOT NULL DEFAULT 'booked',
  `collected_time` timestamp NULL DEFAULT NULL,
  PRIMARY KEY (`id`),
  KEY `ticket-passenger` (`passenger`),
  KEY `ticket-trip` (`trip_id`),
  KEY `ticket-source-halt` (`source_halt`),
  KEY `ticket-dest-halt` (`dest_halt`)
) ENGINE=InnoDB AUTO_INCREMENT=97 DEFAULT CHARSET=utf8mb4 COLLATE=utf8mb4_0900_ai_ci;

--
-- Dumping data for table `e_ticket`
--

INSERT INTO `e_ticket` (`id`, `passenger`, `trip_id`, `departure_time`, `arrival_time`, `seat_number`, `seats_reserved`, `ticket_number`, `source_halt`, `dest_halt`, `booking_time`, `passenger_count`, `price`, `payment_method`, `status`, `collected_time`) VALUES
(0, 'passenger1', 1, NULL, NULL, NULL, NULL, NULL, 'Piliyandala', 'Fort', '2023-03-19 01:28:15', 1, 0, 'points', 'used', NULL),
(17, 'passenger1', 1, NULL, NULL, NULL, NULL, NULL, 'Piliyandala', 'Kohuwala', '2023-03-19 01:31:40', 1, 0, 'points', 'used', NULL),
(32, 'passenger1', 2, NULL, NULL, NULL, NULL, NULL, 'Werahera', 'Boralesgamuwa', '2023-03-19 01:50:19', 1, 250, 'points', 'used', NULL),
(33, 'passenger1', 2, NULL, NULL, NULL, NULL, NULL, 'Dutugemunu St.', 'Werahera', '2023-03-19 02:02:37', 1, 0, 'points', 'used', NULL),
(34, 'passenger1', 10, NULL, NULL, NULL, NULL, NULL, 'Piliyandala', 'Rattanapitiya', '2023-04-15 08:37:15', 1, 0, 'points', 'used', NULL),
(35, 'passenger1', 1, NULL, NULL, NULL, NULL, NULL, 'Piliyandala', 'Fort', '2023-04-17 22:05:15', 1, 0, 'points', 'used', NULL),
(36, 'passenger1', 1, NULL, NULL, NULL, NULL, NULL, 'Piliyandala', 'Pepiliyana', '2023-04-17 16:44:52', 1, 0, 'points', 'used', NULL),
(37, 'passenger1', 1, NULL, NULL, NULL, NULL, NULL, 'Piliyandala', 'Pepiliyana', '2023-04-17 16:44:56', 1, 0, 'points', 'used', NULL),
(38, 'passenger1', 1, NULL, NULL, NULL, NULL, NULL, 'Piliyandala', 'Public Library', '2023-04-25 05:48:10', 1, 0, 'points', 'used', NULL),
(39, 'passenger1', 2, NULL, NULL, NULL, NULL, NULL, 'Piliyandala', 'Thummulla', '2023-04-25 05:48:10', 1, 0, 'points', 'used', NULL),
(41, 'passenger1', 6, NULL, NULL, NULL, NULL, NULL, 'Piliyandala', 'Werahera', '2023-04-26 03:03:14', 1, 0, 'points', 'used', NULL),
(43, 'passenger1', 12, NULL, NULL, NULL, NULL, NULL, 'D.r. Wijewardena Rd.', 'Pettah', '2023-04-26 03:09:21', 5, 100, 'points', 'used', NULL),
(44, 'passenger1', 3, NULL, NULL, NULL, NULL, NULL, 'Piliyandala', 'Boralesgamuwa', '2023-04-26 05:59:37', 2, 75, 'points', 'used', NULL),
(46, 'passenger1', 3, NULL, NULL, NULL, NULL, NULL, 'Rattanapitiya', 'Pepiliyana', '2023-04-26 05:59:51', 1, 60, 'points', 'used', NULL),
(51, 'passenger1', 12, NULL, NULL, NULL, NULL, NULL, 'Piliyandala', 'Pepiliyana', '2023-04-26 06:01:15', 1, 125, 'points', 'expired', NULL),
(52, 'passenger1', 10, NULL, NULL, NULL, 'D6, D5', NULL, 'Piliyandala', 'Kohuwala', '2023-04-27 00:25:24', 2, 290, 'cash', 'used', NULL),
(53, 'passenger1', 2, NULL, NULL, NULL, 'D4, D5, E5, E7, D6', NULL, 'Piliyandala', 'Dutugemunu St.', '2023-04-27 00:47:08', 5, 850, 'points', 'used', NULL),
(54, 'passenger1', 11, NULL, NULL, NULL, NULL, NULL, 'Piliyandala', 'Rattanapitiya', '2023-04-27 01:10:45', 1, 100, 'cash', 'expired', NULL),
(55, 'passenger1', 4, NULL, NULL, NULL, NULL, NULL, 'Lake House', 'Werahera', '2023-04-27 02:19:29', 1, 355, 'cash', 'used', NULL),
(56, 'passenger1', 3, NULL, NULL, NULL, 'D4, E4', NULL, 'Piliyandala', 'Werahera', '2023-04-28 02:50:25', 2, 120, 'cash', 'used', NULL),
(57, 'passenger1', 10, NULL, NULL, NULL, 'C2, D2', NULL, 'Piliyandala', 'Boralesgamuwa', '2023-04-28 03:20:25', 2, 150, 'cash', '', NULL),
(58, 'passenger1', 1, NULL, NULL, NULL, 'A1, C2', NULL, 'Piliyandala', 'Pepiliyana', '2023-04-29 07:44:19', 5, 625, 'cash', 'collected', NULL),
(59, 'passenger1', 3, NULL, NULL, NULL, 'D4', NULL, 'Werahera', 'Kohuwala', '2023-04-30 02:03:29', 2, 250, 'cash', 'used', NULL),
(61, 'passenger1', 7, NULL, NULL, NULL, NULL, NULL, 'Piliyandala', 'Werahera', '2023-04-30 02:12:47', 1, 69, 'points', 'booked', NULL),
(62, 'passenger1', 2, NULL, NULL, NULL, NULL, NULL, 'Piliyandala', 'Pepiliyana', '2023-05-03 04:53:26', 1, 125, 'points', 'expired', NULL),
(63, 'passenger1', 2, NULL, NULL, NULL, NULL, NULL, 'Piliyandala', 'Boralesgamuwa', '2023-05-03 04:56:00', 1, 75, 'points', 'used', NULL),
(67, 'passenger1', 2, NULL, NULL, NULL, NULL, NULL, 'Piliyandala', 'Boralesgamuwa', '2023-05-03 05:06:35', 1, 75, 'points', 'used', NULL),
(71, 'passenger1', 2, NULL, NULL, NULL, NULL, NULL, 'Piliyandala', 'Pepiliyana', '2023-05-03 05:08:12', 2, 250, 'points', 'used', NULL),
(72, 'passenger1', 2, NULL, NULL, NULL, NULL, NULL, 'Piliyandala', 'Rattanapitiya', '2023-05-03 05:09:54', 1, 100, 'points', 'used', NULL),
(79, 'passenger1', 2, NULL, NULL, NULL, NULL, NULL, 'Piliyandala', 'Pepiliyana', '2023-05-03 05:11:55', 1, 125, 'points', 'used', NULL),
(89, 'passenger1', 3, NULL, NULL, NULL, 'B3, D3', NULL, 'Piliyandala', 'Boralesgamuwa', '2023-05-10 03:48:47', 1, 98, 'cash', 'booked', NULL),
(90, 'passenger1', 3, NULL, NULL, NULL, 'D3, E3', NULL, 'Piliyandala', 'Boralesgamuwa', '2023-05-10 03:49:59', 3, 248, 'cash', 'booked', NULL),
(91, 'passenger1', 3, NULL, NULL, NULL, 'D3, E3', NULL, 'Piliyandala', 'Boralesgamuwa', '2023-05-10 04:01:45', 3, 248, 'cash', 'booked', NULL),
(92, 'passenger1', 3, NULL, NULL, NULL, 'D4, E4', NULL, 'Piliyandala', 'Rattanapitiya', '2023-05-10 04:03:00', 3, 330, 'cash', 'booked', NULL),
(93, 'passenger1', 3, NULL, NULL, NULL, 'A1', NULL, 'Piliyandala', 'Werahera', '2023-05-10 05:14:48', 1, 60, 'cash', 'booked', NULL),
(94, 'passenger1', 3, NULL, NULL, NULL, 'D2, E2', NULL, 'Piliyandala', 'Boralesgamuwa', '2023-05-10 06:04:22', 3, 248, 'cash', 'booked', NULL),
(95, 'passenger1', 13, NULL, NULL, NULL, NULL, NULL, 'Pettah', 'Boralesgamuwa', '2023-05-11 23:16:45', 1, 365, 'cash', 'booked', NULL),
(96, 'passenger1', 13, NULL, NULL, NULL, NULL, NULL, 'Ibbanwala Junction', 'Piliyandala', '2023-05-11 23:17:25', 1, 310, 'cash', 'booked', NULL);

-- --------------------------------------------------------

--
-- Table structure for table `fare`
--

DROP TABLE IF EXISTS `fare`;
CREATE TABLE IF NOT EXISTS `fare` (
  `id` int NOT NULL AUTO_INCREMENT,
  `source` varchar(20) NOT NULL,
  `dest` varchar(20) NOT NULL,
  `bus_route` varchar(6) NOT NULL,
  `amount` float NOT NULL,
  `last_updated` datetime NOT NULL,
  PRIMARY KEY (`id`),
  UNIQUE KEY `source` (`source`,`dest`),
  KEY `fare-dest` (`dest`)
) ENGINE=InnoDB AUTO_INCREMENT=15 DEFAULT CHARSET=utf8mb4 COLLATE=utf8mb4_0900_ai_ci;

--
-- Dumping data for table `fare`
--

INSERT INTO `fare` (`id`, `source`, `dest`, `bus_route`, `amount`, `last_updated`) VALUES
(2, 'Kohuwala', 'Fort', '120', 100, '0000-00-00 00:00:00'),
(5, 'Kohuwala', 'Thimbirigasyaya', '120', 55, '0000-00-00 00:00:00'),
(9, 'Kohuwala', 'Thummulla', '120', 123, '2022-11-20 08:12:46'),
(14, 'Kohuwala', 'Town Hall', '120', 70, '0000-00-00 00:00:00');

-- --------------------------------------------------------

--
-- Table structure for table `fare_instances`
--

DROP TABLE IF EXISTS `fare_instances`;
CREATE TABLE IF NOT EXISTS `fare_instances` (
  `instance` int NOT NULL,
  `fare` int NOT NULL,
  PRIMARY KEY (`instance`)
) ENGINE=InnoDB DEFAULT CHARSET=utf8mb4 COLLATE=utf8mb4_0900_ai_ci;

--
-- Dumping data for table `fare_instances`
--

INSERT INTO `fare_instances` (`instance`, `fare`) VALUES
(1, 60),
(2, 75),
(3, 100),
(4, 125),
(5, 145),
(6, 170),
(7, 190),
(8, 200),
(9, 215),
(10, 230),
(11, 245),
(12, 260),
(13, 275),
(14, 290),
(15, 300),
(16, 310),
(17, 330),
(18, 340),
(19, 355),
(20, 365),
(21, 380),
(22, 390),
(23, 410),
(24, 420),
(25, 435),
(26, 445),
(27, 460),
(28, 475),
(29, 490),
(30, 505),
(31, 515),
(32, 530),
(33, 540),
(34, 560),
(35, 570),
(36, 585),
(37, 595),
(38, 610),
(39, 625),
(40, 640),
(41, 650),
(42, 665),
(43, 680),
(44, 690),
(45, 705),
(46, 720),
(47, 730),
(48, 745),
(49, 760),
(50, 775),
(51, 785),
(52, 800),
(53, 810),
(54, 830),
(55, 840),
(56, 855),
(57, 870),
(58, 880),
(59, 895),
(60, 910),
(61, 920),
(62, 930),
(63, 945),
(64, 960),
(65, 975),
(66, 985),
(67, 1000),
(68, 1010),
(69, 1030),
(70, 1040),
(71, 1055),
(72, 1065),
(73, 1080),
(74, 1090),
(75, 1105),
(76, 1120),
(77, 1130),
(78, 1145),
(79, 1160),
(80, 1175),
(81, 1185),
(82, 1200),
(83, 1210),
(84, 1230),
(85, 1240),
(86, 1255),
(87, 1265),
(88, 1280),
(89, 1295),
(90, 1310),
(91, 1320),
(92, 1335),
(93, 1345),
(94, 1360),
(95, 1375),
(96, 1390),
(97, 1400),
(98, 1410),
(99, 1430),
(100, 1440),
(101, 1455),
(102, 1465),
(103, 1480),
(104, 1495),
(105, 1510),
(106, 1520),
(107, 1535),
(108, 1545),
(109, 1560),
(110, 1575),
(111, 1590),
(112, 1600),
(113, 1615),
(114, 1630),
(115, 1645),
(116, 1655),
(117, 1670),
(118, 1680),
(119, 1695),
(120, 1710),
(121, 1720),
(122, 1735),
(123, 1750),
(124, 1760),
(125, 1775),
(126, 1790),
(127, 1800),
(128, 1815),
(129, 1830),
(130, 1845),
(131, 1855),
(132, 1870),
(133, 1880),
(134, 1900),
(135, 1910),
(136, 1925),
(137, 1935),
(138, 1950),
(139, 1960),
(140, 1975),
(141, 1990),
(142, 2000),
(143, 2015),
(144, 2030),
(145, 2045),
(146, 2055),
(147, 2070),
(148, 2080),
(149, 2100),
(150, 2110),
(151, 2125),
(152, 2135),
(153, 2150),
(154, 2160),
(155, 2180),
(156, 2190),
(157, 2205),
(158, 2215),
(159, 2230),
(160, 2245),
(161, 2260),
(162, 2270),
(163, 2280),
(164, 2300),
(165, 2310),
(166, 2325),
(167, 2335),
(168, 2350),
(169, 2360),
(170, 2380),
(171, 2390),
(172, 2405),
(173, 2415),
(174, 2430),
(175, 2445),
(176, 2460),
(177, 2470),
(178, 2485),
(179, 2500),
(180, 2510),
(181, 2525),
(182, 2540),
(183, 2550),
(184, 2560),
(185, 2580),
(186, 2590),
(187, 2605),
(188, 2615),
(189, 2630),
(190, 2645),
(191, 2660),
(192, 2670),
(193, 2685),
(194, 2700),
(195, 2715),
(196, 2725),
(197, 2740),
(198, 2750),
(199, 2765),
(200, 2780),
(201, 2795),
(202, 2805),
(203, 2820),
(204, 2830),
(205, 2850),
(206, 2860),
(207, 2870),
(208, 2885),
(209, 2900),
(210, 2915),
(211, 2925),
(212, 2940),
(213, 2950),
(214, 2965),
(215, 2980),
(216, 2995),
(217, 3005),
(218, 3020),
(219, 3030),
(220, 3050),
(221, 3060),
(222, 3075),
(223, 3085),
(224, 3100),
(225, 3115),
(226, 3130),
(227, 3140),
(228, 3150),
(229, 3170),
(230, 3180),
(231, 3195),
(232, 3205),
(233, 3220),
(234, 3230),
(235, 3250),
(236, 3260),
(237, 3275),
(238, 3285),
(239, 3300),
(240, 3315),
(241, 3330),
(242, 3340),
(243, 3355),
(244, 3370),
(245, 3380),
(246, 3395),
(247, 3410),
(248, 3420),
(249, 3430),
(250, 3450),
(251, 3460),
(252, 3475),
(253, 3485),
(254, 3500),
(255, 3515),
(256, 3530),
(257, 3540),
(258, 3555),
(259, 3570),
(260, 3580),
(261, 3595),
(262, 3610),
(263, 3620),
(264, 3635),
(265, 3650),
(266, 3665),
(267, 3675),
(268, 3690),
(269, 3700),
(270, 3720),
(271, 3730),
(272, 3740),
(273, 3755),
(274, 3770),
(275, 3780),
(276, 3795),
(277, 3810),
(278, 3820),
(279, 3835),
(280, 3850),
(281, 3865),
(282, 3875),
(283, 3890),
(284, 3900),
(285, 3920),
(286, 3930),
(287, 3945),
(288, 3955),
(289, 3970),
(290, 3980),
(291, 4000),
(292, 4010),
(293, 4020),
(294, 4035),
(295, 4050),
(296, 4065),
(297, 4075),
(298, 4090),
(299, 4100),
(300, 4120),
(301, 4130),
(302, 4145),
(303, 4155),
(304, 4170),
(305, 4185),
(306, 4200),
(307, 4215),
(308, 4230),
(309, 4240),
(310, 4255),
(311, 4270),
(312, 4285),
(313, 4295),
(314, 4310),
(315, 4325),
(316, 4335),
(317, 4350),
(318, 4365),
(319, 4380),
(320, 4390),
(321, 4405),
(322, 4420),
(323, 4435),
(324, 4450),
(325, 4460),
(326, 4475),
(327, 4490),
(328, 4500),
(329, 4515),
(330, 4530),
(331, 4545),
(332, 4555),
(333, 4570),
(334, 4585),
(335, 4600),
(336, 4610),
(337, 4625),
(338, 4640),
(339, 4650),
(340, 4670),
(341, 4680),
(342, 4695),
(343, 4705),
(344, 4720),
(345, 4740),
(346, 4750),
(347, 4765),
(348, 4775),
(349, 4790),
(350, 4800);

-- --------------------------------------------------------

--
-- Table structure for table `friends`
--

DROP TABLE IF EXISTS `friends`;
CREATE TABLE IF NOT EXISTS `friends` (
  `id` int NOT NULL AUTO_INCREMENT,
  `passenger` varchar(50) NOT NULL,
  `friend` varchar(50) NOT NULL,
  PRIMARY KEY (`id`),
  KEY `friends-user` (`passenger`),
  KEY `friends-friend` (`friend`)
) ENGINE=InnoDB AUTO_INCREMENT=14 DEFAULT CHARSET=utf8mb4 COLLATE=utf8mb4_0900_ai_ci;

--
-- Dumping data for table `friends`
--

INSERT INTO `friends` (`id`, `passenger`, `friend`) VALUES
(2, 'passenger1', 'passenger4'),
(6, 'passenger1', 'passenger2'),
(12, 'passenger1', 'passenger5');

-- --------------------------------------------------------

--
-- Table structure for table `general_info`
--

DROP TABLE IF EXISTS `general_info`;
CREATE TABLE IF NOT EXISTS `general_info` (
  `busy_speed` float NOT NULL,
  `normal_speed` float NOT NULL DEFAULT '0'
) ENGINE=InnoDB DEFAULT CHARSET=utf8mb4 COLLATE=utf8mb4_0900_ai_ci;

-- --------------------------------------------------------

--
-- Table structure for table `halt`
--

DROP TABLE IF EXISTS `halt`;
CREATE TABLE IF NOT EXISTS `halt` (
  `id` int NOT NULL AUTO_INCREMENT,
  `route_id` varchar(6) NOT NULL,
  `name` varchar(50) NOT NULL,
  `distance_from_source` float NOT NULL,
  `fare_from_source` float NOT NULL,
  PRIMARY KEY (`id`),
  UNIQUE KEY `name` (`name`),
  KEY `route_id` (`route_id`)
) ENGINE=InnoDB AUTO_INCREMENT=24 DEFAULT CHARSET=utf8mb4 COLLATE=utf8mb4_0900_ai_ci;

--
-- Dumping data for table `halt`
--

INSERT INTO `halt` (`id`, `route_id`, `name`, `distance_from_source`, `fare_from_source`) VALUES
(1, '120', 'Piliyandala', 0, 20),
(2, '120', 'Werahera', 1, 48),
(3, '120', 'Boralesgamuwa', 2, 59),
(4, '120', 'Rattanapitiya', 3, 77),
(5, '120', 'Pepiliyana', 4, 95),
(6, '120', 'Kohuwala', 5, 113),
(7, '120', 'Dutugemunu St.', 6, 131),
(8, '120', 'Pamankada', 7, 147),
(9, '120', 'Havelock City', 8, 153),
(10, '120', 'Thimbirigasyaya', 9, 165),
(11, '120', 'Thummulla', 10, 177),
(12, '120', 'Kumaratunga M. Rd.', 11, 189),
(13, '120', 'Cambridge Place', 12, 198),
(14, '120', 'Public Library', 13, 210),
(15, '120', 'Dharmapala Mw.', 14, 222),
(16, '120', 'Town Hall', 15, 231),
(17, '120', 'Ibbanwala Junction', 16, 239),
(18, '120', 'T.B. Jayah Rd.', 17, 251),
(19, '120', 'Gamani Hall Jct.', 18, 260),
(20, '120', 'D.r. Wijewardena Rd.', 19, 272),
(21, '120', 'Lake House', 20, 281),
(22, '120', 'Fort', 21, 293),
(23, '120', 'Pettah', 22, 302);

-- --------------------------------------------------------

--
-- Table structure for table `location_update`
--

DROP TABLE IF EXISTS `location_update`;
CREATE TABLE IF NOT EXISTS `location_update` (
  `id` int NOT NULL AUTO_INCREMENT,
  `username` varchar(50) NOT NULL,
  `user_role` enum('conductor','passenger') NOT NULL,
  `ticket` int DEFAULT NULL,
  `tripID` int NOT NULL,
  `halt` varchar(50) NOT NULL,
  `timestamp` timestamp NOT NULL DEFAULT CURRENT_TIMESTAMP,
  PRIMARY KEY (`id`),
  KEY `update-ticket` (`ticket`),
  KEY `update-username` (`username`),
  KEY `update-halt` (`halt`)
) ENGINE=InnoDB AUTO_INCREMENT=55 DEFAULT CHARSET=utf8mb4 COLLATE=utf8mb4_0900_ai_ci;

--
-- Dumping data for table `location_update`
--

INSERT INTO `location_update` (`id`, `username`, `user_role`, `ticket`, `tripID`, `halt`, `timestamp`) VALUES
(31, 'passenger1', 'passenger', 54, 11, 'Piliyandala', '2023-05-08 00:05:23'),
(32, 'passenger1', 'passenger', 54, 11, 'Piliyandala', '2023-05-08 00:06:55'),
(33, 'conductor1', 'conductor', NULL, 11, 'Piliyandala', '2023-05-08 00:07:00'),
(34, 'passenger1', 'passenger', 54, 11, 'Piliyandala', '2023-05-08 00:10:00'),
(35, 'passenger1', 'passenger', 54, 11, 'Piliyandala', '2023-05-08 00:12:30'),
(36, 'passenger1', 'passenger', 54, 11, 'Piliyandala', '2023-05-08 00:19:18'),
(37, 'passenger1', 'passenger', 54, 11, 'Piliyandala', '2023-05-08 00:20:04'),
(38, 'passenger1', 'passenger', 54, 11, 'Piliyandala', '2023-05-08 00:20:41'),
(39, 'passenger1', 'passenger', 54, 11, 'Piliyandala', '2023-05-08 02:55:54'),
(40, 'conductor4', 'conductor', 55, 4, 'D.r. Wijewardena Rd.', '2023-05-08 02:58:39'),
(42, 'passenger1', 'passenger', 55, 4, 'D.r. Wijewardena Rd.', '2023-05-08 02:59:35'),
(44, 'passenger1', 'passenger', 55, 4, 'D.r. Wijewardena Rd.', '2023-05-08 03:00:56'),
(45, 'passenger1', 'passenger', 54, 11, 'Boralesgamuwa', '2023-05-08 04:57:49'),
(46, 'passenger1', 'passenger', 54, 11, 'Werahera', '2023-05-08 05:00:15'),
(47, 'passenger1', 'passenger', 54, 11, 'Werahera', '2023-05-08 05:00:36'),
(48, 'passenger1', 'passenger', 54, 11, 'Werahera', '2023-05-08 05:00:54'),
(49, 'passenger1', 'passenger', 54, 11, 'Boralesgamuwa', '2023-05-08 05:01:04'),
(50, 'passenger1', 'passenger', 54, 11, 'Werahera', '2023-05-08 05:08:57'),
(51, 'passenger1', 'passenger', 55, 4, 'D.r. Wijewardena Rd.', '2023-05-10 00:01:13'),
(52, 'passenger1', 'passenger', 57, 10, 'Piliyandala', '2023-05-11 13:00:47'),
(53, 'passenger1', 'passenger', 57, 10, 'Piliyandala', '2023-05-13 09:55:25'),
(54, 'passenger1', 'passenger', 57, 0, 'Boralesgamuwa', '2023-05-13 09:57:19');

-- --------------------------------------------------------

--
-- Table structure for table `notifications`
--

DROP TABLE IF EXISTS `notifications`;
CREATE TABLE IF NOT EXISTS `notifications` (
  `id` int NOT NULL AUTO_INCREMENT,
  `user` varchar(50) NOT NULL,
  `status` enum('read','unread') NOT NULL DEFAULT 'unread',
  `notification` text NOT NULL,
  `type` enum('point','ticket','location','other') NOT NULL,
  PRIMARY KEY (`id`),
  KEY `noti-user` (`user`)
) ENGINE=InnoDB DEFAULT CHARSET=utf8mb4 COLLATE=utf8mb4_0900_ai_ci;

-- --------------------------------------------------------

--
-- Table structure for table `owner`
--

DROP TABLE IF EXISTS `owner`;
CREATE TABLE IF NOT EXISTS `owner` (
  `username` varchar(50) NOT NULL,
  `name` varchar(100) NOT NULL,
  `phone` char(10) NOT NULL,
  `address` text NOT NULL,
  PRIMARY KEY (`username`)
) ENGINE=InnoDB DEFAULT CHARSET=utf8mb4 COLLATE=utf8mb4_0900_ai_ci;

--
-- Dumping data for table `owner`
--

INSERT INTO `owner` (`username`, `name`, `phone`, `address`) VALUES
('owner1', 'Gamini Jayasinghe', '0774567891', 'Gampaha, Sri Lanka'),
('owner2', 'Sunil Perera', '0112444444', 'Colombo, Sri Lanka');

-- --------------------------------------------------------

--
-- Table structure for table `passenger`
--

DROP TABLE IF EXISTS `passenger`;
CREATE TABLE IF NOT EXISTS `passenger` (
  `username` varchar(50) NOT NULL,
  `name` varchar(100) DEFAULT NULL,
  `phone` char(10) DEFAULT NULL,
  `address` text,
  `dob` date DEFAULT NULL,
  `profile_pic` varchar(200) DEFAULT NULL,
  `points` int DEFAULT '50',
  `points_expiry` date DEFAULT NULL,
  PRIMARY KEY (`username`)
) ENGINE=InnoDB DEFAULT CHARSET=utf8mb4 COLLATE=utf8mb4_0900_ai_ci;

--
-- Dumping data for table `passenger`
--

INSERT INTO `passenger` (`username`, `name`, `phone`, `address`, `dob`, `profile_pic`, `points`, `points_expiry`) VALUES
('kokilacon', NULL, NULL, NULL, NULL, NULL, 50, NULL),
('passenger1', 'John Doe', '0771234568', 'Colombo 02, Sri Lanka', '1998-02-13', NULL, 202, '2023-03-15'),
('passenger2', 'Jane Doe', '0771234567', 'Colombo, Sri Lanka', '0000-00-00', NULL, 309, '2023-06-22'),
('passenger3', 'Kamal Fernando', '', '', '2018-02-27', NULL, 104, '2022-02-02'),
('passenger4', NULL, NULL, NULL, NULL, NULL, 79, NULL),
('passenger5', NULL, NULL, NULL, NULL, NULL, 50, NULL);

-- --------------------------------------------------------

--
-- Table structure for table `points`
--

DROP TABLE IF EXISTS `points`;
CREATE TABLE IF NOT EXISTS `points` (
  `id` int NOT NULL AUTO_INCREMENT,
  `points_from` varchar(50) NOT NULL,
  `points_to` varchar(50) NOT NULL,
  `amount` int NOT NULL,
  PRIMARY KEY (`id`),
  KEY `points-from` (`points_from`),
  KEY `points-to` (`points_to`)
) ENGINE=InnoDB AUTO_INCREMENT=24 DEFAULT CHARSET=utf8mb4 COLLATE=utf8mb4_0900_ai_ci;

--
-- Dumping data for table `points`
--

INSERT INTO `points` (`id`, `points_from`, `points_to`, `amount`) VALUES
(1, 'passenger1', 'passenger2', 1),
(2, 'passenger1', 'passenger3', 50),
(3, 'passenger1', 'passenger2', 1),
(4, 'passenger1', 'passenger2', 1),
(5, 'passenger1', 'passenger2', 5),
(6, 'passenger1', 'passenger2', 5),
(7, 'passenger1', 'passenger2', 1),
(8, 'passenger1', 'passenger2', 1),
(9, 'passenger1', 'passenger2', 1),
(10, 'passenger1', 'passenger3', 1),
(11, 'passenger1', 'passenger2', 5),
(12, 'passenger1', 'passenger2', 4),
(13, 'passenger1', 'passenger3', 1),
(14, 'passenger1', 'passenger3', 1),
(15, 'passenger1', 'passenger2', 1),
(16, 'passenger1', 'passenger2', 5),
(17, 'passenger1', 'passenger3', 1),
(18, 'passenger1', 'passenger2', 5),
(19, 'passenger1', 'passenger4', 4),
(20, 'passenger1', 'passenger4', 5),
(21, 'passenger1', 'passenger4', 50),
(22, 'passenger1', 'passenger2', 139),
(23, 'passenger1', 'passenger4', 20);

-- --------------------------------------------------------

--
-- Table structure for table `ratings`
--

DROP TABLE IF EXISTS `ratings`;
CREATE TABLE IF NOT EXISTS `ratings` (
  `id` int NOT NULL AUTO_INCREMENT,
  `ticket_id` int NOT NULL,
  `rater` varchar(50) NOT NULL,
  `trip_id` int NOT NULL,
  `bus_no` char(6) NOT NULL,
  `bus_rating` int DEFAULT NULL,
  `conductor` varchar(50) NOT NULL,
  `conductor_rating` int DEFAULT NULL,
  `driver` varchar(50) NOT NULL,
  `driver_rating` int DEFAULT NULL,
  `time_updated` timestamp NOT NULL DEFAULT CURRENT_TIMESTAMP,
  PRIMARY KEY (`id`),
  KEY `rater-user` (`rater`),
  KEY `rating-ticket` (`ticket_id`),
  KEY `rating-driver` (`driver`),
  KEY `rating-conductor` (`conductor`),
  KEY `rating-trip` (`trip_id`)
) ENGINE=InnoDB AUTO_INCREMENT=24 DEFAULT CHARSET=utf8mb4 COLLATE=utf8mb4_0900_ai_ci;

--
-- Dumping data for table `ratings`
--

INSERT INTO `ratings` (`id`, `ticket_id`, `rater`, `trip_id`, `bus_no`, `bus_rating`, `conductor`, `conductor_rating`, `driver`, `driver_rating`, `time_updated`) VALUES
(1, 0, 'passenger1', 1, 'NC1111', 5, 'conductor1', 5, 'driver1', 5, '2023-04-25 04:52:32'),
(2, 0, 'passenger1', 2, 'NC1112', 5, 'conductor2', 5, 'driver2', 4, '2023-04-25 04:52:32'),
(3, 0, 'passenger2', 3, 'NC1113', 5, 'conductor3', 5, 'driver3', 5, '2023-04-25 04:52:32'),
(4, 0, 'passenger2', 4, 'NC1114', 5, 'conductor4', 5, 'driver4', 5, '2023-04-25 04:52:32'),
(5, 0, 'passenger2', 5, 'NC1115', 5, 'conductor5', 5, 'driver5', 5, '2023-04-25 04:52:32'),
(6, 0, 'passenger1', 6, 'NC1116', 5, 'conductor6', 5, 'driver6', 5, '2023-04-25 04:52:32'),
(7, 0, 'passenger3', 7, 'NC1111', 5, 'conductor7', 5, 'driver7', 5, '2023-04-25 04:52:32'),
(8, 0, 'passenger3', 8, 'NC1112', 5, 'conductor8', 5, 'driver8', 5, '2023-04-25 04:52:32'),
(9, 0, 'passenger1', 9, 'NC1113', 5, 'conductor9', 5, 'driver9', 5, '2023-04-25 04:52:32'),
(11, 34, 'passenger1', 1, 'NC1111', 1, 'conductor1', 3, 'driver1', 1, '2023-04-25 11:36:46'),
(12, 0, 'passenger1', 1, 'NC1111', 4, 'conductor1', 3, 'driver1', 2, '2023-04-25 11:54:42'),
(13, 17, 'passenger1', 1, 'NC1111', 5, 'conductor1', 3, 'driver1', 4, '2023-04-25 11:55:41'),
(14, 32, 'passenger1', 2, 'NC1112', 1, 'conductor2', 3, 'driver2', 1, '2023-04-25 11:57:10'),
(15, 35, 'passenger1', 1, 'NC1111', 4, 'conductor1', 3, 'driver1', 3, '2023-04-26 09:14:58'),
(16, 39, 'passenger1', 2, 'NC1112', 1, 'conductor2', 3, 'driver2', 5, '2023-04-27 09:10:09'),
(17, 36, 'passenger1', 1, 'NC1111', 3, 'conductor1', 2, 'driver1', 3, '2023-04-28 10:05:26'),
(18, 51, 'passenger1', 13, 'NC1119', 5, 'conductor9', 5, 'conductor9', 5, '2023-05-01 11:26:41'),
(19, 55, 'passenger1', 4, 'NC1114', 3, 'conductor4', 2, 'driver4', 3, '2023-05-04 06:50:33'),
(20, 61, 'passenger1', 3, 'NC1113', 5, 'conductor3', 3, 'driver3', 3, '2023-05-05 09:17:36'),
(21, 62, 'passenger1', 2, 'NC1112', 2, 'conductor2', 3, 'driver2', 2, '2023-05-05 13:54:11'),
(22, 55, 'passenger1', 4, 'NC1114', 2, 'conductor4', 3, 'driver4', 2, '2023-05-10 05:32:51'),
(23, 57, 'passenger1', 10, 'NC1114', 2, 'conductor4', 3, 'driver4', 2, '2023-05-13 15:27:22');

--
-- Triggers `ratings`
--
DROP TRIGGER IF EXISTS `rating_insert_trigger`;
DELIMITER $$
CREATE TRIGGER `rating_insert_trigger` AFTER INSERT ON `ratings` FOR EACH ROW BEGIN
UPDATE driver
  SET rating = ((rating * no_of_reviews) + NEW.driver_rating) / (no_of_reviews + 1),
      no_of_reviews = no_of_reviews + 1
  WHERE username = NEW.driver;

  -- Update conductor table
  UPDATE conductor
  SET rating = ((rating * no_of_reviews) + NEW.conductor_rating) / (no_of_reviews + 1),
      no_of_reviews = no_of_reviews + 1
  WHERE username = NEW.conductor;

  -- Update bus table
  UPDATE bus
  SET rating = ((rating * no_of_reviews) + NEW.bus_rating) / (no_of_reviews + 1),
      no_of_reviews = no_of_reviews + 1
  WHERE bus_no = NEW.bus_no;
end
$$
DELIMITER ;

-- --------------------------------------------------------

--
-- Table structure for table `route`
--

DROP TABLE IF EXISTS `route`;
CREATE TABLE IF NOT EXISTS `route` (
  `id` int NOT NULL AUTO_INCREMENT,
  `route_id` varchar(6) NOT NULL,
  `source` varchar(50) NOT NULL,
  `destination` varchar(50) NOT NULL,
  `avg_speed` int NOT NULL,
  `busy_speed` int NOT NULL,
  PRIMARY KEY (`id`),
  UNIQUE KEY `RouteID` (`route_id`),
  UNIQUE KEY `route_id` (`route_id`)
) ENGINE=InnoDB AUTO_INCREMENT=2 DEFAULT CHARSET=utf8mb4 COLLATE=utf8mb4_0900_ai_ci;

--
-- Dumping data for table `route`
--

INSERT INTO `route` (`id`, `route_id`, `source`, `destination`, `avg_speed`, `busy_speed`) VALUES
(1, '120', 'Piliyandala', 'Pettah', 20, 15);

-- --------------------------------------------------------

--
-- Table structure for table `scheduler`
--

DROP TABLE IF EXISTS `scheduler`;
CREATE TABLE IF NOT EXISTS `scheduler` (
  `username` varchar(50) NOT NULL,
  `name` varchar(100) NOT NULL,
  `phone` char(10) NOT NULL,
  `address` text NOT NULL,
  PRIMARY KEY (`username`)
) ENGINE=InnoDB DEFAULT CHARSET=utf8mb4 COLLATE=utf8mb4_0900_ai_ci;

--
-- Dumping data for table `scheduler`
--

INSERT INTO `scheduler` (`username`, `name`, `phone`, `address`) VALUES
('conductor7', '', '', ''),
('conductor9', '', '', ''),
('scheduler1', 'Dilan Mendis', '0764444444', 'Colombo, Sri Lanka');

-- --------------------------------------------------------

--
-- Table structure for table `ticket_seats`
--

DROP TABLE IF EXISTS `ticket_seats`;
CREATE TABLE IF NOT EXISTS `ticket_seats` (
  `id` int NOT NULL AUTO_INCREMENT,
  `ticket_id` int NOT NULL,
  `seat` char(4) NOT NULL,
  PRIMARY KEY (`id`),
  KEY `seat-ticket` (`ticket_id`)
) ENGINE=InnoDB AUTO_INCREMENT=12 DEFAULT CHARSET=utf8mb4 COLLATE=utf8mb4_0900_ai_ci;

--
-- Dumping data for table `ticket_seats`
--

INSERT INTO `ticket_seats` (`id`, `ticket_id`, `seat`) VALUES
(3, 55, 'C2'),
(4, 57, 'D2'),
(5, 91, 'D3'),
(6, 91, 'E3'),
(7, 92, 'D4'),
(8, 92, 'E4'),
(9, 93, 'A1'),
(10, 94, 'D2'),
(11, 94, 'E2');

-- --------------------------------------------------------

--
-- Table structure for table `trip`
--

DROP TABLE IF EXISTS `trip`;
CREATE TABLE IF NOT EXISTS `trip` (
  `id` int NOT NULL AUTO_INCREMENT,
  `trip_date` date NOT NULL,
  `departure_time` time NOT NULL,
  `starting_halt` varchar(255) NOT NULL,
  `bus_no` char(6) DEFAULT NULL,
  `status` enum('scheduled','started','ended','') NOT NULL DEFAULT 'scheduled',
  `last_updated_halt` varchar(50) DEFAULT NULL,
  `location_updated_time` timestamp NULL DEFAULT NULL,
  PRIMARY KEY (`id`),
  KEY `trip-bus` (`bus_no`),
  KEY `trip-start` (`starting_halt`),
  KEY `trip-lastupdated` (`last_updated_halt`)
) ENGINE=InnoDB AUTO_INCREMENT=66 DEFAULT CHARSET=utf8mb4 COLLATE=utf8mb4_0900_ai_ci;

--
-- Dumping data for table `trip`
--

INSERT INTO `trip` (`id`, `trip_date`, `departure_time`, `starting_halt`, `bus_no`, `status`, `last_updated_halt`, `location_updated_time`) VALUES
(1, '2023-01-01', '08:00:00', 'Piliyandala', 'NC1111', 'started', 'Piliyandala', '2023-05-07 12:50:11'),
(2, '2023-01-01', '08:00:00', 'Pettah', 'NC1112', 'ended', 'Piliyandala', NULL),
(3, '2023-01-01', '09:00:00', 'Piliyandala', 'NC1113', 'scheduled', 'Piliyandala', '2023-05-08 08:26:28'),
(4, '2023-01-01', '09:00:00', 'Pettah', 'NC1114', 'started', 'Lake House', '2023-05-10 04:56:21'),
(5, '2023-01-01', '10:00:00', 'Piliyandala', 'NC1115', 'scheduled', NULL, NULL),
(6, '2023-01-01', '10:00:00', 'Pettah', 'NC1116', 'scheduled', NULL, NULL),
(7, '2023-01-01', '11:00:00', 'Piliyandala', 'NC1111', 'ended', NULL, NULL),
(8, '2023-01-01', '11:00:00', 'Pettah', 'NC1112', 'scheduled', NULL, NULL),
(9, '2023-01-01', '12:00:00', 'Piliyandala', 'NC1113', 'scheduled', NULL, NULL),
(10, '2023-01-01', '12:00:00', 'Pettah', 'NC1114', 'started', NULL, NULL),
(11, '2023-01-01', '13:00:00', 'Piliyandala', 'NC1115', 'started', NULL, NULL),
(12, '2023-01-01', '13:00:00', 'Pettah', 'NC1116', 'scheduled', NULL, NULL),
(13, '2023-05-11', '16:30:00', 'Pettah', 'NC1119', 'scheduled', NULL, NULL),
(14, '2023-05-11', '16:30:00', 'Piliyandala', 'NC1111', 'scheduled', NULL, NULL),
(15, '2023-05-11', '17:00:00', 'Pettah', 'NC1119', 'scheduled', NULL, NULL),
(16, '2023-05-14', '06:00:00', 'Pettah', 'NC1112', 'scheduled', NULL, NULL),
(17, '2023-05-14', '07:00:00', 'Pettah', 'NC1114', 'scheduled', NULL, NULL),
(18, '2023-05-14', '08:00:00', 'Pettah', 'NC1116', 'scheduled', NULL, NULL),
(19, '2023-05-14', '10:00:00', 'Pettah', 'NC1111', 'scheduled', NULL, NULL),
(20, '2023-05-14', '12:00:00', 'Pettah', 'NC1118', 'scheduled', NULL, NULL),
(21, '2023-05-14', '14:00:00', 'Pettah', 'NC1117', 'scheduled', NULL, NULL),
(22, '2023-05-14', '16:00:00', 'Pettah', 'NC1120', 'scheduled', NULL, NULL),
(23, '2023-05-14', '17:00:00', 'Pettah', 'NC1113', 'scheduled', NULL, NULL),
(24, '2023-05-14', '18:00:00', 'Pettah', 'NC1115', 'scheduled', NULL, NULL),
(25, '2023-05-14', '20:00:00', 'Pettah', 'NC1119', 'scheduled', NULL, NULL),
(26, '2023-05-14', '06:00:00', 'Piliyandala', 'NC1111', 'scheduled', NULL, NULL),
(27, '2023-05-14', '07:00:00', 'Piliyandala', 'NC1117', 'scheduled', NULL, NULL),
(28, '2023-05-14', '08:00:00', 'Piliyandala', 'NC1113', 'scheduled', NULL, NULL),
(29, '2023-05-14', '10:00:00', 'Piliyandala', 'NC1112', 'scheduled', NULL, NULL),
(30, '2023-05-14', '12:00:00', 'Piliyandala', 'NC1115', 'scheduled', NULL, NULL),
(31, '2023-05-14', '14:00:00', 'Piliyandala', 'NC1114', 'scheduled', NULL, NULL),
(32, '2023-05-14', '16:00:00', 'Piliyandala', 'NC1119', 'scheduled', NULL, NULL),
(33, '2023-05-14', '17:00:00', 'Piliyandala', 'NC1116', 'scheduled', NULL, NULL),
(34, '2023-05-14', '18:00:00', 'Piliyandala', 'NC1118', 'scheduled', NULL, NULL),
(35, '2023-05-14', '20:00:00', 'Piliyandala', 'NC1120', 'scheduled', NULL, NULL),
(36, '2023-05-14', '06:00:00', 'Piliyandala', 'NC1111', 'scheduled', NULL, NULL),
(37, '2023-05-14', '07:00:00', 'Piliyandala', 'NC1117', 'scheduled', NULL, NULL),
(38, '2023-05-14', '08:00:00', 'Piliyandala', 'NC1113', 'scheduled', NULL, NULL),
(39, '2023-05-14', '10:00:00', 'Piliyandala', 'NC1112', 'scheduled', NULL, NULL),
(40, '2023-05-14', '12:00:00', 'Piliyandala', 'NC1115', 'scheduled', NULL, NULL),
(41, '2023-05-14', '14:00:00', 'Piliyandala', 'NC1114', 'scheduled', NULL, NULL),
(42, '2023-05-14', '16:00:00', 'Piliyandala', 'NC1119', 'scheduled', NULL, NULL),
(43, '2023-05-14', '17:00:00', 'Piliyandala', 'NC1116', 'scheduled', NULL, NULL),
(44, '2023-05-14', '18:00:00', 'Piliyandala', 'NC1118', 'scheduled', NULL, NULL),
(45, '2023-05-14', '20:00:00', 'Piliyandala', 'NC1120', 'scheduled', NULL, NULL),
(46, '2023-05-15', '06:00:00', 'Pettah', 'NC1112', 'scheduled', NULL, NULL),
(47, '2023-05-15', '07:00:00', 'Pettah', 'NC1114', 'scheduled', NULL, NULL),
(48, '2023-05-15', '08:00:00', 'Pettah', 'NC1116', 'scheduled', NULL, NULL),
(49, '2023-05-15', '10:00:00', 'Pettah', 'NC1111', 'scheduled', NULL, NULL),
(50, '2023-05-15', '12:00:00', 'Pettah', 'NC1118', 'scheduled', NULL, NULL),
(51, '2023-05-15', '14:00:00', 'Pettah', 'NC1117', 'scheduled', NULL, NULL),
(52, '2023-05-15', '16:00:00', 'Pettah', 'NC1120', 'scheduled', NULL, NULL),
(53, '2023-05-15', '17:00:00', 'Pettah', 'NC1113', 'scheduled', NULL, NULL),
(54, '2023-05-15', '18:00:00', 'Pettah', 'NC1115', 'scheduled', NULL, NULL),
(55, '2023-05-15', '20:00:00', 'Pettah', 'NC1119', 'scheduled', NULL, NULL),
(56, '2023-05-15', '06:00:00', 'Piliyandala', 'NC1111', 'scheduled', NULL, NULL),
(57, '2023-05-15', '07:00:00', 'Piliyandala', 'NC1117', 'scheduled', NULL, NULL),
(58, '2023-05-15', '08:00:00', 'Piliyandala', 'NC1113', 'scheduled', NULL, NULL),
(59, '2023-05-15', '10:00:00', 'Piliyandala', 'NC1112', 'scheduled', NULL, NULL),
(60, '2023-05-15', '12:00:00', 'Piliyandala', 'NC1115', 'scheduled', NULL, NULL),
(61, '2023-05-15', '14:00:00', 'Piliyandala', 'NC1114', 'scheduled', NULL, NULL),
(62, '2023-05-15', '16:00:00', 'Piliyandala', 'NC1119', 'scheduled', NULL, NULL),
(63, '2023-05-15', '17:00:00', 'Piliyandala', 'NC1116', 'scheduled', NULL, NULL),
(64, '2023-05-15', '18:00:00', 'Piliyandala', 'NC1118', 'scheduled', NULL, NULL),
(65, '2023-05-15', '20:00:00', 'Piliyandala', 'NC1120', 'scheduled', NULL, NULL);

-- --------------------------------------------------------

--
-- Table structure for table `users`
--

DROP TABLE IF EXISTS `users`;
CREATE TABLE IF NOT EXISTS `users` (
  `id` int NOT NULL AUTO_INCREMENT,
  `username` varchar(50) NOT NULL,
  `email` varchar(100) NOT NULL,
  `password` varchar(100) NOT NULL,
  `role` varchar(20) NOT NULL DEFAULT 'admin',
  PRIMARY KEY (`id`),
  UNIQUE KEY `username` (`username`),
  UNIQUE KEY `email` (`email`)
) ENGINE=InnoDB AUTO_INCREMENT=55 DEFAULT CHARSET=utf8mb4 COLLATE=utf8mb4_0900_ai_ci;

--
-- Dumping data for table `users`
--

INSERT INTO `users` (`id`, `username`, `email`, `password`, `role`) VALUES
(5, 'passenger1', 'passenger1@gmail.com', '$2y$10$PCP8OdTRkI1srnomErM.q.2uEOQVYYEfOyscXAdqwW6uEL76djL0e', 'passenger'),
(8, 'driver1', 'driver1@gmail.com', '$2y$10$yTbl/PFFQaIZniz3ivFGAOgvk0AQhQQPjnsVGkd98MpWLFN.Y0pYW', 'driver'),
(9, 'conductor1', 'conductor1@gmail.com', '$2y$10$bMVz/K0hBMQDg4AoG2xbJuq2UeXJUTYIdWbI.hpgs4g0hMI79L9UC', 'conductor'),
(10, 'owner1', 'owner1@gmail.com', '$2y$10$GdDG/irbumEp0VpFLJPogeGtAEYY9dYij8ftnHs9Gc7cRw9lL9hO6', 'owner'),
(11, 'scheduler1', 'scheduler1@gmail.com', '$2y$10$1THV3yZOP8/szD6606QR2Obc00IVUWi7QBkHOkPlViYIrJAtwY93e', 'scheduler'),
(15, 'driver2', 'driver2@gmail.com', '$2y$10$GFbu3C3YgjVuyimriMpdZejHWYzzMluO7X2i.d8MXbuvHC1jrTP.a', 'driver'),
(17, 'scheduler2', 'scheduler2@gmail.com', '$2y$10$Hn0xWamaVgYhvFLMjEgnVOzNJ8N3UXf6rpEclzQCPy4tydSJfHw7a', 'scheduler'),
(18, 'admin', 'admin@gmail.com', '$2y$10$uToJ2Z85hvNy7tXoPyI0GOjHXuBoLppw70H3pXIhJcgM38caBRnMW', 'admin'),
(19, 'passenger2', 'passenger2@gmail.com', '$2y$10$cRiVy19KCCaZRwBIjB/VaOm/j6g7STW5r/m736dzyLIpTcsFsbb5W', 'passenger'),
(22, 'owner2', 'owner2@gmail.com', '$2y$10$gb1e8dxlEbRJICSWRO9Wy.NQYlqAO4z6sE3IZdTnNh/QCLa.1r7N2', 'owner'),
(24, 'passenger3', 'passenger3@gmail.com', '$2y$10$plgImcQAUY0bbPoZKJdKQu1Zzh3sLA4nugciAgjqtpAQGx7jkUcim', 'passenger'),
(26, 'conductor2', 'conductor2@gmail.com', '$2y$10$piqG.CgJetX6cij2hSRVtOuwvPDppYyjHgUa4MzzgzfCAPKpAviA2', 'conductor'),
(27, 'conductor3', 'conductor3@gmail.com', '$2y$10$57ANik1qPl/2DZeMIoHPveLeUTEqKIaVt3RWTmXXTBbkNeHIF/3dC', 'conductor'),
(32, 'conductor6', 'conductor6@gmail.com', '$2y$10$UKufg9luxJDAiXQvy9.n.OHAm2ssMgDJeCCG6qXeA3DMXJff0n8sm', 'conductor'),
(33, 'conductor4', 'conductor4@gmail.com', '$2y$10$Vd36jzhrroqoPW1d.63ExeXqoM2p0vM7AcsY.70S/Lbd2ank3p7u2', 'conductor'),
(34, 'conductor5', 'conductor5@gmail.com', '$2y$10$WdQJOpCwpmx9yrthmpC.FOhh8IaMgnu0s7PfIJw/IhnmI0jJ26yVi', 'conductor'),
(35, 'conductor7', 'conductor7@gmail.com', '$2y$10$go3/TPGqXPiAuhsgadLrOetx1fhTnldIgJ9QDZsDLO2Nz402ZAfNC', 'conductor'),
(38, 'conductor8', 'conductor8@gmail.com', '$2y$10$SvkWBU5a61I.jpiGiA.BbOVHQtASAABj5FdetorWDPsS0wZeUyzoq', 'conductor'),
(39, 'conductor9', 'conductor9@gmail.com', '$2y$10$9qZYVIW3SyspqfPI4vdx7.pBZTd5ZycLT5UoCxLWUsudklU8UGoXC', 'conductor'),
(40, 'conductor10', 'conductor10@gmail.com', '$2y$10$ySW7j9uzBFhCeKgZYrJele7ZQKhxVynC2SvXIQjSiApGsOQCKvLcm', 'conductor'),
(42, 'driver4', 'driver4@gmail.com', '$2y$10$Py/zXzr6g1AIWXrGddaM3eHNle7OiLv31hg9Y0Z/Fqlf2cQpsNL16', 'driver'),
(43, 'driver5', 'driver5@gmail.com', '$2y$10$VQGygwk0d45ioCzwGLJHie3i7NZyK65dqUHPuYxRecRxiG0z/PJQa', 'driver'),
(44, 'driver6', 'driver6@gmail.com', '$2y$10$JwSXl57yWQCJ40OCyjipwuGEmnWc//MOLXCH.6kzW9LQ0Hbeeyfv2', 'driver'),
(45, 'driver7', 'driver7@gmail.com', '$2y$10$CNKDfQxzPkk1phT5DW88U.v8jMX5SS6OaUltZRtLY9.4376aJOs6e', 'driver'),
(46, 'driver8', 'driver8@gmail.com', '$2y$10$cSaXo68g.R5XLDVQMPl3gOs8REUAm2wKgG9XwopuC2BA9/GQWkFqC', 'driver'),
(47, 'driver9', 'driver9@gmail.com', '$2y$10$q1JInzLERtoBejZH5VAa8eYT1DooS8rRo2C5uDzyn6ZXsod0o.jSG', 'driver'),
(48, 'driver3', 'driver3@gmail.com', '$2y$10$JBzdpP3aPOuYQWFqm7EfK.ao0KgP7.c5oD2Ztm9uoLDlGr3WGZrvS', 'driver'),
(50, 'passenger4', 'passenger4@gmail.com', '$2y$10$rAA5/R4ySTvx.IgLc2GTxO.0KQ3XcSQIC25aVPx1po6rI8NuEkVQC', 'passenger'),
(51, 'passenger5', 'passenger5@gmail.com', '$2y$10$Mj3di.ieghn0a3e/M0nQeeDh/mRHv74ijzO1owhLH4ZSpgFVd0TVq', 'passenger'),
(52, 'driver10', 'driver10@gmail.com', '$2y$10$CW0fLgSYtoVGg843ew9waOHSYKT5FOelJDQazf8fZXCcoDVqYYR1m', 'driver'),
(53, 'nalindriver', 'driver11@gmail.com', '$2y$10$6wjtiBXpkOVUpHIYIRQUrO5KknyKHGbH1xxsa.d2ApJYeviEsmUSW', 'driver'),
(54, 'kokilacon', 'conductor11@gmail.com', '$2y$10$.4T/QHr43Yk8DsBSeI2quOSuQVm1kIgTTReEfObmSkQd0AjC.O9b.', 'passenger');

--
-- Triggers `users`
--
DROP TRIGGER IF EXISTS `update_user_role_trigger`;
DELIMITER $$
CREATE TRIGGER `update_user_role_trigger` BEFORE UPDATE ON `users` FOR EACH ROW IF NEW.role != OLD.role AND NEW.role = 'driver' THEN
    INSERT INTO driver (username) VALUES (NEW.username);
  END IF
$$
DELIMITER ;
DROP TRIGGER IF EXISTS `user_insert_trigger`;
DELIMITER $$
CREATE TRIGGER `user_insert_trigger` AFTER INSERT ON `users` FOR EACH ROW BEGIN
    IF NEW.role = 'conductor' THEN
        INSERT INTO conductor (username) VALUES (NEW.username);
    ELSEIF NEW.role = 'passenger' THEN
        INSERT INTO passenger (username) VALUES (NEW.username);
    ELSEIF NEW.role = 'scheduler' THEN
        INSERT INTO scheduler (username) VALUES (NEW.username);
    ELSEIF NEW.role = 'driver' THEN
        INSERT INTO driver (username) VALUES (NEW.username);
    ELSEIF NEW.role = 'admin' THEN
        INSERT INTO admin (username) VALUES (NEW.username);
    ELSEIF NEW.role = 'owner' THEN
        INSERT INTO owner (username) VALUES (NEW.username);
    END IF;
END
$$
DELIMITER ;

--
-- Constraints for dumped tables
--

--
-- Constraints for table `admin`
--
ALTER TABLE `admin`
  ADD CONSTRAINT `admin-users` FOREIGN KEY (`username`) REFERENCES `users` (`username`) ON DELETE CASCADE ON UPDATE CASCADE;

--
-- Constraints for table `breakdown`
--
ALTER TABLE `breakdown`
  ADD CONSTRAINT `breakdown-trip` FOREIGN KEY (`trip_no`) REFERENCES `trip` (`id`) ON DELETE CASCADE ON UPDATE CASCADE;

--
-- Constraints for table `bus`
--
ALTER TABLE `bus`
  ADD CONSTRAINT `bus-route` FOREIGN KEY (`route`) REFERENCES `route` (`route_id`) ON DELETE CASCADE ON UPDATE CASCADE,
  ADD CONSTRAINT `bus_conductor` FOREIGN KEY (`conductor`) REFERENCES `users` (`username`),
  ADD CONSTRAINT `bus_dest` FOREIGN KEY (`dest`) REFERENCES `halt` (`name`) ON DELETE CASCADE ON UPDATE CASCADE,
  ADD CONSTRAINT `bus_driver` FOREIGN KEY (`driver`) REFERENCES `users` (`username`),
  ADD CONSTRAINT `bus_owner` FOREIGN KEY (`owner`) REFERENCES `users` (`username`) ON UPDATE CASCADE;

--
-- Constraints for table `conductor`
--
ALTER TABLE `conductor`
  ADD CONSTRAINT `conductor_ibfk_1` FOREIGN KEY (`username`) REFERENCES `users` (`username`) ON DELETE CASCADE ON UPDATE CASCADE,
  ADD CONSTRAINT `conductor_ibfk_2` FOREIGN KEY (`assigned_bus`) REFERENCES `bus` (`bus_no`) ON DELETE SET NULL ON UPDATE CASCADE;

--
-- Constraints for table `daily_bus_revenue`
--
ALTER TABLE `daily_bus_revenue`
  ADD CONSTRAINT `daily_bus_revenue_ibfk_1` FOREIGN KEY (`bus_no`) REFERENCES `bus` (`bus_no`) ON DELETE RESTRICT ON UPDATE RESTRICT;

--
-- Constraints for table `driver`
--
ALTER TABLE `driver`
  ADD CONSTRAINT `driver_ibfk_1` FOREIGN KEY (`username`) REFERENCES `users` (`username`);

--
-- Constraints for table `e_ticket`
--
ALTER TABLE `e_ticket`
  ADD CONSTRAINT `ticket-dest-halt` FOREIGN KEY (`dest_halt`) REFERENCES `halt` (`name`) ON UPDATE CASCADE,
  ADD CONSTRAINT `ticket-passenger` FOREIGN KEY (`passenger`) REFERENCES `passenger` (`username`) ON UPDATE CASCADE,
  ADD CONSTRAINT `ticket-source-halt` FOREIGN KEY (`source_halt`) REFERENCES `halt` (`name`) ON UPDATE CASCADE,
  ADD CONSTRAINT `ticket-trip` FOREIGN KEY (`trip_id`) REFERENCES `trip` (`id`) ON UPDATE CASCADE;

--
-- Constraints for table `fare`
--
ALTER TABLE `fare`
  ADD CONSTRAINT `fare-dest` FOREIGN KEY (`dest`) REFERENCES `halt` (`name`) ON DELETE CASCADE ON UPDATE CASCADE,
  ADD CONSTRAINT `fare-source` FOREIGN KEY (`source`) REFERENCES `halt` (`name`) ON DELETE CASCADE ON UPDATE CASCADE;

--
-- Constraints for table `friends`
--
ALTER TABLE `friends`
  ADD CONSTRAINT `friends-friend` FOREIGN KEY (`friend`) REFERENCES `passenger` (`username`) ON DELETE CASCADE ON UPDATE CASCADE,
  ADD CONSTRAINT `friends-user` FOREIGN KEY (`passenger`) REFERENCES `passenger` (`username`) ON DELETE CASCADE ON UPDATE CASCADE;

--
-- Constraints for table `halt`
--
ALTER TABLE `halt`
  ADD CONSTRAINT `halt-route` FOREIGN KEY (`route_id`) REFERENCES `route` (`route_id`) ON UPDATE CASCADE;

--
-- Constraints for table `location_update`
--
ALTER TABLE `location_update`
  ADD CONSTRAINT `update-halt` FOREIGN KEY (`halt`) REFERENCES `halt` (`name`) ON UPDATE CASCADE,
  ADD CONSTRAINT `update-ticket` FOREIGN KEY (`ticket`) REFERENCES `e_ticket` (`id`) ON UPDATE CASCADE,
  ADD CONSTRAINT `update-username` FOREIGN KEY (`username`) REFERENCES `users` (`username`) ON UPDATE CASCADE;

--
-- Constraints for table `notifications`
--
ALTER TABLE `notifications`
  ADD CONSTRAINT `noti-user` FOREIGN KEY (`user`) REFERENCES `users` (`username`) ON DELETE CASCADE ON UPDATE CASCADE;

--
-- Constraints for table `owner`
--
ALTER TABLE `owner`
  ADD CONSTRAINT `owner_ibfk_1` FOREIGN KEY (`username`) REFERENCES `users` (`username`);

--
-- Constraints for table `passenger`
--
ALTER TABLE `passenger`
  ADD CONSTRAINT `passenger_ibfk_1` FOREIGN KEY (`username`) REFERENCES `users` (`username`) ON DELETE CASCADE ON UPDATE CASCADE;

--
-- Constraints for table `points`
--
ALTER TABLE `points`
  ADD CONSTRAINT `points-from` FOREIGN KEY (`points_from`) REFERENCES `passenger` (`username`) ON UPDATE CASCADE,
  ADD CONSTRAINT `points-to` FOREIGN KEY (`points_to`) REFERENCES `passenger` (`username`) ON UPDATE CASCADE;

--
-- Constraints for table `ratings`
--
ALTER TABLE `ratings`
  ADD CONSTRAINT `rating-conductor` FOREIGN KEY (`conductor`) REFERENCES `users` (`username`) ON UPDATE CASCADE,
  ADD CONSTRAINT `rating-driver` FOREIGN KEY (`driver`) REFERENCES `users` (`username`) ON UPDATE CASCADE,
  ADD CONSTRAINT `rating-passenger` FOREIGN KEY (`rater`) REFERENCES `passenger` (`username`) ON UPDATE CASCADE,
  ADD CONSTRAINT `rating-ticket` FOREIGN KEY (`ticket_id`) REFERENCES `e_ticket` (`id`) ON UPDATE CASCADE,
  ADD CONSTRAINT `rating-trip` FOREIGN KEY (`trip_id`) REFERENCES `trip` (`id`) ON UPDATE CASCADE;

--
-- Constraints for table `scheduler`
--
ALTER TABLE `scheduler`
  ADD CONSTRAINT `scheduler_ibfk_1` FOREIGN KEY (`username`) REFERENCES `users` (`username`);

--
-- Constraints for table `ticket_seats`
--
ALTER TABLE `ticket_seats`
  ADD CONSTRAINT `seat-ticket` FOREIGN KEY (`ticket_id`) REFERENCES `e_ticket` (`id`) ON DELETE CASCADE ON UPDATE CASCADE;

--
-- Constraints for table `trip`
--
ALTER TABLE `trip`
  ADD CONSTRAINT `trip-lastupdated` FOREIGN KEY (`last_updated_halt`) REFERENCES `halt` (`name`) ON DELETE CASCADE ON UPDATE CASCADE,
  ADD CONSTRAINT `trip-start` FOREIGN KEY (`starting_halt`) REFERENCES `halt` (`name`) ON DELETE CASCADE ON UPDATE CASCADE;
COMMIT;

/*!40101 SET CHARACTER_SET_CLIENT=@OLD_CHARACTER_SET_CLIENT */;
/*!40101 SET CHARACTER_SET_RESULTS=@OLD_CHARACTER_SET_RESULTS */;
/*!40101 SET COLLATION_CONNECTION=@OLD_COLLATION_CONNECTION */;
